politician,response,date,pct_estimate
Donald Trump,favorable,2023-06-27,39.83999714
Donald Trump,unfavorable,2023-06-27,54.66041974
Donald Trump,favorable,2023-06-26,40.04268695
Donald Trump,unfavorable,2023-06-26,54.29555822
Donald Trump,favorable,2023-06-25,38.89247143
Donald Trump,unfavorable,2023-06-25,55.4491001
Donald Trump,favorable,2023-06-24,38.89247143
Donald Trump,unfavorable,2023-06-24,55.4491001
Donald Trump,favorable,2023-06-23,39.4246345
Donald Trump,unfavorable,2023-06-23,55.04403037
Donald Trump,favorable,2023-06-22,39.42659647
Donald Trump,unfavorable,2023-06-22,55.04142388
Donald Trump,favorable,2023-06-21,39.42659647
Donald Trump,unfavorable,2023-06-21,55.04142388
Donald Trump,favorable,2023-06-20,38.99740912
Donald Trump,unfavorable,2023-06-20,55.06237485
Donald Trump,favorable,2023-06-19,39.62075677
Donald Trump,unfavorable,2023-06-19,54.91552894
Donald Trump,favorable,2023-06-18,39.62075677
Donald Trump,unfavorable,2023-06-18,54.91552894
Donald Trump,favorable,2023-06-17,39.62075677
Donald Trump,unfavorable,2023-06-17,54.91552894
Donald Trump,favorable,2023-06-16,39.07030201
Donald Trump,unfavorable,2023-06-16,55.87389087
Donald Trump,favorable,2023-06-15,39.07030201
Donald Trump,unfavorable,2023-06-15,55.87389087
Donald Trump,favorable,2023-06-14,39.33002395
Donald Trump,unfavorable,2023-06-14,55.5450175
Donald Trump,favorable,2023-06-13,40.09827675
Donald Trump,unfavorable,2023-06-13,54.39268601
Donald Trump,favorable,2023-06-12,39.45475978
Donald Trump,unfavorable,2023-06-12,54.4797904
Donald Trump,favorable,2023-06-11,39.45475978
Donald Trump,unfavorable,2023-06-11,54.4797904
Donald Trump,favorable,2023-06-10,39.45475978
Donald Trump,unfavorable,2023-06-10,54.4797904
Donald Trump,favorable,2023-06-09,41.04608717
Donald Trump,unfavorable,2023-06-09,54.63795404
Donald Trump,favorable,2023-06-08,41.04608717
Donald Trump,unfavorable,2023-06-08,54.63795404
Donald Trump,favorable,2023-06-07,41.04933483
Donald Trump,unfavorable,2023-06-07,54.63156506
Donald Trump,favorable,2023-06-06,41.04933483
Donald Trump,unfavorable,2023-06-06,54.63156506
Donald Trump,favorable,2023-06-05,41.76154214
Donald Trump,unfavorable,2023-06-05,53.89882397
Donald Trump,favorable,2023-06-04,41.76154214
Donald Trump,unfavorable,2023-06-04,53.89882397
Donald Trump,favorable,2023-06-03,41.76154214
Donald Trump,unfavorable,2023-06-03,53.89882397
Donald Trump,favorable,2023-06-02,41.76154214
Donald Trump,unfavorable,2023-06-02,53.89882397
Donald Trump,favorable,2023-06-01,41.92800617
Donald Trump,unfavorable,2023-06-01,53.92100711
Donald Trump,favorable,2023-05-31,41.73287689
Donald Trump,unfavorable,2023-05-31,54.46068778
Donald Trump,favorable,2023-05-30,42.39088627
Donald Trump,unfavorable,2023-05-30,53.65277815
Donald Trump,favorable,2023-05-29,42.39088627
Donald Trump,unfavorable,2023-05-29,53.65277815
Donald Trump,favorable,2023-05-28,42.39088627
Donald Trump,unfavorable,2023-05-28,53.65277815
Donald Trump,favorable,2023-05-27,42.39088627
Donald Trump,unfavorable,2023-05-27,53.65277815
Donald Trump,favorable,2023-05-26,42.39088627
Donald Trump,unfavorable,2023-05-26,53.65277815
Donald Trump,favorable,2023-05-25,43.23476372
Donald Trump,unfavorable,2023-05-25,52.75407035
Donald Trump,favorable,2023-05-24,43.25601659
Donald Trump,unfavorable,2023-05-24,52.68160484
Donald Trump,favorable,2023-05-23,42.49397485
Donald Trump,unfavorable,2023-05-23,52.16649007
Donald Trump,favorable,2023-05-22,42.49397485
Donald Trump,unfavorable,2023-05-22,52.16649007
Donald Trump,favorable,2023-05-21,42.49397485
Donald Trump,unfavorable,2023-05-21,52.16649007
Donald Trump,favorable,2023-05-20,42.49397485
Donald Trump,unfavorable,2023-05-20,52.16649007
Donald Trump,favorable,2023-05-19,42.49397485
Donald Trump,unfavorable,2023-05-19,52.16649007
Donald Trump,favorable,2023-05-18,42.49397485
Donald Trump,unfavorable,2023-05-18,52.16649007
Donald Trump,favorable,2023-05-17,42.61498359
Donald Trump,unfavorable,2023-05-17,52.52397403
Donald Trump,favorable,2023-05-16,44.53202369
Donald Trump,unfavorable,2023-05-16,51.04216867
Donald Trump,favorable,2023-05-15,43.94417788
Donald Trump,unfavorable,2023-05-15,51.53468717
Donald Trump,favorable,2023-05-14,43.94417788
Donald Trump,unfavorable,2023-05-14,51.53468717
Donald Trump,favorable,2023-05-13,43.94417788
Donald Trump,unfavorable,2023-05-13,51.53468717
Donald Trump,favorable,2023-05-12,43.94417788
Donald Trump,unfavorable,2023-05-12,51.53468717
Donald Trump,favorable,2023-05-11,43.94417788
Donald Trump,unfavorable,2023-05-11,51.53468717
Donald Trump,favorable,2023-05-10,43.94417788
Donald Trump,unfavorable,2023-05-10,51.53468717
Donald Trump,favorable,2023-05-09,43.94417788
Donald Trump,unfavorable,2023-05-09,51.53468717
Donald Trump,favorable,2023-05-08,44.09945878
Donald Trump,unfavorable,2023-05-08,51.62051548
Donald Trump,favorable,2023-05-07,44.09945878
Donald Trump,unfavorable,2023-05-07,51.62051548
Donald Trump,favorable,2023-05-06,44.09945878
Donald Trump,unfavorable,2023-05-06,51.62051548
Donald Trump,favorable,2023-05-05,44.09945878
Donald Trump,unfavorable,2023-05-05,51.62051548
Donald Trump,favorable,2023-05-04,45.40063954
Donald Trump,unfavorable,2023-05-04,50.93071469
Donald Trump,favorable,2023-05-03,45.47482018
Donald Trump,unfavorable,2023-05-03,50.84729113
Donald Trump,favorable,2023-05-02,42.55478491
Donald Trump,unfavorable,2023-05-02,53.4933031
Donald Trump,favorable,2023-05-01,41.57893989
Donald Trump,unfavorable,2023-05-01,54.48850905
Donald Trump,favorable,2023-04-30,41.57893989
Donald Trump,unfavorable,2023-04-30,54.48850905
Donald Trump,favorable,2023-04-29,41.57893989
Donald Trump,unfavorable,2023-04-29,54.48850905
Donald Trump,favorable,2023-04-28,42.10716637
Donald Trump,unfavorable,2023-04-28,54.24604897
Donald Trump,favorable,2023-04-27,42.10716637
Donald Trump,unfavorable,2023-04-27,54.24604897
Donald Trump,favorable,2023-04-26,42.30943098
Donald Trump,unfavorable,2023-04-26,53.75691648
Donald Trump,favorable,2023-04-25,41.09461059
Donald Trump,unfavorable,2023-04-25,53.91678027
Donald Trump,favorable,2023-04-24,41.09461059
Donald Trump,unfavorable,2023-04-24,53.91678027
Donald Trump,favorable,2023-04-23,41.13625229
Donald Trump,unfavorable,2023-04-23,53.95059965
Donald Trump,favorable,2023-04-22,41.13625229
Donald Trump,unfavorable,2023-04-22,53.95059965
Donald Trump,favorable,2023-04-21,41.70123209
Donald Trump,unfavorable,2023-04-21,54.04482525
Donald Trump,favorable,2023-04-20,40.38838654
Donald Trump,unfavorable,2023-04-20,54.61773111
Donald Trump,favorable,2023-04-19,40.73086693
Donald Trump,unfavorable,2023-04-19,53.27634213
Donald Trump,favorable,2023-04-18,39.57674359
Donald Trump,unfavorable,2023-04-18,54.24627654
Donald Trump,favorable,2023-04-17,39.57674359
Donald Trump,unfavorable,2023-04-17,54.24627654
Donald Trump,favorable,2023-04-16,39.32404185
Donald Trump,unfavorable,2023-04-16,54.25988835
Donald Trump,favorable,2023-04-15,39.32404185
Donald Trump,unfavorable,2023-04-15,54.25988835
Donald Trump,favorable,2023-04-14,39.32404185
Donald Trump,unfavorable,2023-04-14,54.25988835
Donald Trump,favorable,2023-04-13,39.32404185
Donald Trump,unfavorable,2023-04-13,54.25988835
Donald Trump,favorable,2023-04-12,39.30701836
Donald Trump,unfavorable,2023-04-12,54.27193326
Donald Trump,favorable,2023-04-11,39.30701836
Donald Trump,unfavorable,2023-04-11,54.27193326
Donald Trump,favorable,2023-04-10,37.43011359
Donald Trump,unfavorable,2023-04-10,55.09340582
Donald Trump,favorable,2023-04-09,37.43011359
Donald Trump,unfavorable,2023-04-09,55.09340582
Donald Trump,favorable,2023-04-08,37.43011359
Donald Trump,unfavorable,2023-04-08,55.09340582
Donald Trump,favorable,2023-04-07,37.43011359
Donald Trump,unfavorable,2023-04-07,55.09340582
Donald Trump,favorable,2023-04-06,39.45026951
Donald Trump,unfavorable,2023-04-06,54.1567534
Donald Trump,favorable,2023-04-05,39.45026951
Donald Trump,unfavorable,2023-04-05,54.1567534
Donald Trump,favorable,2023-04-04,38.42977152
Donald Trump,unfavorable,2023-04-04,54.61134026
Donald Trump,favorable,2023-04-03,38.47471302
Donald Trump,unfavorable,2023-04-03,54.52549927
Donald Trump,favorable,2023-04-02,39.03988347
Donald Trump,unfavorable,2023-04-02,54.2752185
Donald Trump,favorable,2023-04-01,41.04539441
Donald Trump,unfavorable,2023-04-01,54.5385717
Donald Trump,favorable,2023-03-31,40.10340137
Donald Trump,unfavorable,2023-03-31,54.9158019
Donald Trump,favorable,2023-03-30,40.7671837
Donald Trump,unfavorable,2023-03-30,53.59834719
Donald Trump,favorable,2023-03-29,40.96265245
Donald Trump,unfavorable,2023-03-29,53.2779549
Donald Trump,favorable,2023-03-28,41.67764916
Donald Trump,unfavorable,2023-03-28,52.43537458
Donald Trump,favorable,2023-03-27,41.26488262
Donald Trump,unfavorable,2023-03-27,52.65106003
Donald Trump,favorable,2023-03-26,41.26488262
Donald Trump,unfavorable,2023-03-26,52.65106003
Donald Trump,favorable,2023-03-25,41.26488262
Donald Trump,unfavorable,2023-03-25,52.65106003
Donald Trump,favorable,2023-03-24,41.71212668
Donald Trump,unfavorable,2023-03-24,53.47907876
Donald Trump,favorable,2023-03-23,41.73440046
Donald Trump,unfavorable,2023-03-23,53.47034089
Donald Trump,favorable,2023-03-22,41.00575152
Donald Trump,unfavorable,2023-03-22,54.79017501
Donald Trump,favorable,2023-03-21,40.47647816
Donald Trump,unfavorable,2023-03-21,54.80016792
Donald Trump,favorable,2023-03-20,41.77490306
Donald Trump,unfavorable,2023-03-20,53.11886679
Donald Trump,favorable,2023-03-19,41.77490306
Donald Trump,unfavorable,2023-03-19,53.11886679
Donald Trump,favorable,2023-03-18,41.77490306
Donald Trump,unfavorable,2023-03-18,53.11886679
Donald Trump,favorable,2023-03-17,41.77490306
Donald Trump,unfavorable,2023-03-17,53.11886679
Donald Trump,favorable,2023-03-16,42.67586841
Donald Trump,unfavorable,2023-03-16,53.05778457
Donald Trump,favorable,2023-03-15,41.66104648
Donald Trump,unfavorable,2023-03-15,54.1000939
Donald Trump,favorable,2023-03-14,42.58001889
Donald Trump,unfavorable,2023-03-14,52.69477837
Donald Trump,favorable,2023-03-13,42.58001889
Donald Trump,unfavorable,2023-03-13,52.69477837
Donald Trump,favorable,2023-03-12,42.58001889
Donald Trump,unfavorable,2023-03-12,52.69477837
Donald Trump,favorable,2023-03-11,42.58001889
Donald Trump,unfavorable,2023-03-11,52.69477837
Donald Trump,favorable,2023-03-10,42.58001889
Donald Trump,unfavorable,2023-03-10,52.69477837
Donald Trump,favorable,2023-03-09,42.31050306
Donald Trump,unfavorable,2023-03-09,52.91319051
Donald Trump,favorable,2023-03-08,42.91982519
Donald Trump,unfavorable,2023-03-08,52.63183763
Donald Trump,favorable,2023-03-07,42.91982519
Donald Trump,unfavorable,2023-03-07,52.63183763
Donald Trump,favorable,2023-03-06,42.94016266
Donald Trump,unfavorable,2023-03-06,52.43006881
Donald Trump,favorable,2023-03-05,43.31851043
Donald Trump,unfavorable,2023-03-05,52.21986116
Donald Trump,favorable,2023-03-04,43.31851043
Donald Trump,unfavorable,2023-03-04,52.21986116
Donald Trump,favorable,2023-03-03,43.34954358
Donald Trump,unfavorable,2023-03-03,52.20573895
Donald Trump,favorable,2023-03-02,41.693375
Donald Trump,unfavorable,2023-03-02,53.849522
Donald Trump,favorable,2023-02-28,40.855404
Donald Trump,unfavorable,2023-02-28,54.409431
Donald Trump,favorable,2023-02-27,40.855404
Donald Trump,unfavorable,2023-02-27,54.409431
Donald Trump,favorable,2023-02-26,40.855404
Donald Trump,unfavorable,2023-02-26,54.409431
Donald Trump,favorable,2023-02-25,40.855404
Donald Trump,unfavorable,2023-02-25,54.409431
Donald Trump,favorable,2023-02-24,40.85540332
Donald Trump,unfavorable,2023-02-24,54.40942978
Donald Trump,favorable,2023-02-23,41.11083267
Donald Trump,unfavorable,2023-02-23,53.63153445
Donald Trump,favorable,2023-02-22,41.11083267
Donald Trump,unfavorable,2023-02-22,53.63153445
Donald Trump,favorable,2023-02-21,40.8698177
Donald Trump,unfavorable,2023-02-21,53.71032129
Donald Trump,favorable,2023-02-20,40.8698177
Donald Trump,unfavorable,2023-02-20,53.71032129
Donald Trump,favorable,2023-02-19,40.8698177
Donald Trump,unfavorable,2023-02-19,53.71032129
Donald Trump,favorable,2023-02-18,40.8698177
Donald Trump,unfavorable,2023-02-18,53.71032129
Donald Trump,favorable,2023-02-17,40.8698177
Donald Trump,unfavorable,2023-02-17,53.71032129
Donald Trump,favorable,2023-02-16,39.38357086
Donald Trump,unfavorable,2023-02-16,55.34160096
Donald Trump,favorable,2023-02-15,39.83175491
Donald Trump,unfavorable,2023-02-15,54.70843401
Donald Trump,favorable,2023-02-14,39.58855174
Donald Trump,unfavorable,2023-02-14,54.58367796
Donald Trump,favorable,2023-02-13,40.60966175
Donald Trump,unfavorable,2023-02-13,53.94444175
Donald Trump,favorable,2023-02-12,40.73360144
Donald Trump,unfavorable,2023-02-12,53.64313914
Donald Trump,favorable,2023-02-11,40.73360144
Donald Trump,unfavorable,2023-02-11,53.64313914
Donald Trump,favorable,2023-02-10,40.73360144
Donald Trump,unfavorable,2023-02-10,53.64313914
Donald Trump,favorable,2023-02-09,40.73360144
Donald Trump,unfavorable,2023-02-09,53.64313914
Donald Trump,favorable,2023-02-08,40.73376339
Donald Trump,unfavorable,2023-02-08,53.64309895
Donald Trump,favorable,2023-02-07,39.38309196
Donald Trump,unfavorable,2023-02-07,55.1459521
Donald Trump,favorable,2023-02-06,39.33666569
Donald Trump,unfavorable,2023-02-06,55.17644646
Donald Trump,favorable,2023-02-05,39.33666569
Donald Trump,unfavorable,2023-02-05,55.17644646
Donald Trump,favorable,2023-02-04,39.33666569
Donald Trump,unfavorable,2023-02-04,55.17644646
Donald Trump,favorable,2023-02-03,39.33666569
Donald Trump,unfavorable,2023-02-03,55.17644646
Donald Trump,favorable,2023-02-02,39.33666569
Donald Trump,unfavorable,2023-02-02,55.17644646
Donald Trump,favorable,2023-02-01,39.33666569
Donald Trump,unfavorable,2023-02-01,55.17644646
Donald Trump,favorable,2023-01-31,39.57433775
Donald Trump,unfavorable,2023-01-31,55.68247607
Donald Trump,favorable,2023-01-30,39.57433775
Donald Trump,unfavorable,2023-01-30,55.68247607
Donald Trump,favorable,2023-01-29,39.57433775
Donald Trump,unfavorable,2023-01-29,55.68247607
Donald Trump,favorable,2023-01-28,39.57433775
Donald Trump,unfavorable,2023-01-28,55.68247607
Donald Trump,favorable,2023-01-27,39.57433775
Donald Trump,unfavorable,2023-01-27,55.68247607
Donald Trump,favorable,2023-01-26,40.76043192
Donald Trump,unfavorable,2023-01-26,54.1467619
Donald Trump,favorable,2023-01-25,41.03078482
Donald Trump,unfavorable,2023-01-25,53.79862949
Donald Trump,favorable,2023-01-24,41.5319373
Donald Trump,unfavorable,2023-01-24,52.84875203
Donald Trump,favorable,2023-01-23,41.5319373
Donald Trump,unfavorable,2023-01-23,52.84875203
Donald Trump,favorable,2023-01-22,41.24763437
Donald Trump,unfavorable,2023-01-22,53.50320261
Donald Trump,favorable,2023-01-21,41.24763437
Donald Trump,unfavorable,2023-01-21,53.50320261
Donald Trump,favorable,2023-01-20,41.24763437
Donald Trump,unfavorable,2023-01-20,53.50320261
Donald Trump,favorable,2023-01-19,40.70182268
Donald Trump,unfavorable,2023-01-19,54.4481369
Donald Trump,favorable,2023-01-18,40.70182268
Donald Trump,unfavorable,2023-01-18,54.4481369
Donald Trump,favorable,2023-01-17,39.88845951
Donald Trump,unfavorable,2023-01-17,55.32275513
Donald Trump,favorable,2023-01-16,39.8421067
Donald Trump,unfavorable,2023-01-16,55.63416423
Donald Trump,favorable,2023-01-15,39.8421067
Donald Trump,unfavorable,2023-01-15,55.63416423
Donald Trump,favorable,2023-01-14,39.8421067
Donald Trump,unfavorable,2023-01-14,55.63416423
Donald Trump,favorable,2023-01-13,39.86255774
Donald Trump,unfavorable,2023-01-13,55.65976418
Donald Trump,favorable,2023-01-12,39.99339698
Donald Trump,unfavorable,2023-01-12,55.05957896
Donald Trump,favorable,2023-01-11,39.99339698
Donald Trump,unfavorable,2023-01-11,55.05957896
Donald Trump,favorable,2023-01-10,40.303154
Donald Trump,unfavorable,2023-01-10,54.930622
Donald Trump,favorable,2023-01-09,40.303967
Donald Trump,unfavorable,2023-01-09,54.932953
Donald Trump,favorable,2023-01-08,40.303967
Donald Trump,unfavorable,2023-01-08,54.932953
Donald Trump,favorable,2023-01-07,40.303967
Donald Trump,unfavorable,2023-01-07,54.932953
Donald Trump,favorable,2023-01-06,40.303967
Donald Trump,unfavorable,2023-01-06,54.932953
Donald Trump,favorable,2023-01-05,40.30396726
Donald Trump,unfavorable,2023-01-05,54.93295284
Donald Trump,favorable,2023-01-04,40.33414095
Donald Trump,unfavorable,2023-01-04,54.76116042
Donald Trump,favorable,2023-01-03,40.54547294
Donald Trump,unfavorable,2023-01-03,54.56861107
Donald Trump,favorable,2023-01-02,40.54547294
Donald Trump,unfavorable,2023-01-02,54.56861107
Donald Trump,favorable,2023-01-01,40.54547294
Donald Trump,unfavorable,2023-01-01,54.56861107
Donald Trump,favorable,2022-12-31,40.54547294
Donald Trump,unfavorable,2022-12-31,54.56861107
Donald Trump,favorable,2022-12-30,40.54547294
Donald Trump,unfavorable,2022-12-30,54.56861107
Donald Trump,favorable,2022-12-29,40.54547294
Donald Trump,unfavorable,2022-12-29,54.56861107
Donald Trump,favorable,2022-12-28,40.54547294
Donald Trump,unfavorable,2022-12-28,54.56861107
Donald Trump,favorable,2022-12-27,40.54547294
Donald Trump,unfavorable,2022-12-27,54.56861107
Donald Trump,favorable,2022-12-26,40.54547294
Donald Trump,unfavorable,2022-12-26,54.56861107
Donald Trump,favorable,2022-12-25,40.54547294
Donald Trump,unfavorable,2022-12-25,54.56861107
Donald Trump,favorable,2022-12-24,40.54547294
Donald Trump,unfavorable,2022-12-24,54.56861107
Donald Trump,favorable,2022-12-23,40.54547294
Donald Trump,unfavorable,2022-12-23,54.56861107
Donald Trump,favorable,2022-12-22,40.54547294
Donald Trump,unfavorable,2022-12-22,54.56861107
Donald Trump,favorable,2022-12-21,40.5422301
Donald Trump,unfavorable,2022-12-21,54.5711208
Donald Trump,favorable,2022-12-20,39.09669495
Donald Trump,unfavorable,2022-12-20,55.72713706
Donald Trump,favorable,2022-12-19,39.09669495
Donald Trump,unfavorable,2022-12-19,55.72713706
Donald Trump,favorable,2022-12-18,39.09669495
Donald Trump,unfavorable,2022-12-18,55.72713706
Donald Trump,favorable,2022-12-17,39.09669495
Donald Trump,unfavorable,2022-12-17,55.72713706
Donald Trump,favorable,2022-12-16,39.09669495
Donald Trump,unfavorable,2022-12-16,55.72713706
Donald Trump,favorable,2022-12-15,37.55211119
Donald Trump,unfavorable,2022-12-15,57.30698512
Donald Trump,favorable,2022-12-14,36.71420619
Donald Trump,unfavorable,2022-12-14,57.2358985
Donald Trump,favorable,2022-12-13,37.68251945
Donald Trump,unfavorable,2022-12-13,56.97843958
Donald Trump,favorable,2022-12-12,40.07728753
Donald Trump,unfavorable,2022-12-12,55.40050796
Donald Trump,favorable,2022-12-11,40.15392904
Donald Trump,unfavorable,2022-12-11,55.34757107
Donald Trump,favorable,2022-12-10,40.15392904
Donald Trump,unfavorable,2022-12-10,55.34757107
Donald Trump,favorable,2022-12-09,40.15392904
Donald Trump,unfavorable,2022-12-09,55.34757107
Donald Trump,favorable,2022-12-08,40.15392904
Donald Trump,unfavorable,2022-12-08,55.34757107
Donald Trump,favorable,2022-12-07,40.15392904
Donald Trump,unfavorable,2022-12-07,55.34757107
Donald Trump,favorable,2022-12-06,40.17986405
Donald Trump,unfavorable,2022-12-06,54.95066609
Donald Trump,favorable,2022-12-05,40.17986405
Donald Trump,unfavorable,2022-12-05,54.95066609
Donald Trump,favorable,2022-12-04,40.17263952
Donald Trump,unfavorable,2022-12-04,54.8677973
Donald Trump,favorable,2022-12-03,40.17263952
Donald Trump,unfavorable,2022-12-03,54.8677973
Donald Trump,favorable,2022-12-02,40.17263952
Donald Trump,unfavorable,2022-12-02,54.8677973
Donald Trump,favorable,2022-12-01,40.18266729
Donald Trump,unfavorable,2022-12-01,54.85103647
Donald Trump,favorable,2022-11-30,40.84546079
Donald Trump,unfavorable,2022-11-30,53.74942135
Donald Trump,favorable,2022-11-29,40.15669621
Donald Trump,unfavorable,2022-11-29,54.08777971
Donald Trump,favorable,2022-11-28,40.15669621
Donald Trump,unfavorable,2022-11-28,54.08777971
Donald Trump,favorable,2022-11-27,40.15669621
Donald Trump,unfavorable,2022-11-27,54.08777971
Donald Trump,favorable,2022-11-26,40.15669621
Donald Trump,unfavorable,2022-11-26,54.08777971
Donald Trump,favorable,2022-11-25,40.15669621
Donald Trump,unfavorable,2022-11-25,54.08777971
Donald Trump,favorable,2022-11-24,40.15669621
Donald Trump,unfavorable,2022-11-24,54.08777971
Donald Trump,favorable,2022-11-23,40.15669621
Donald Trump,unfavorable,2022-11-23,54.08777971
Donald Trump,favorable,2022-11-22,40.30045838
Donald Trump,unfavorable,2022-11-22,54.32080082
Donald Trump,favorable,2022-11-21,41.17714626
Donald Trump,unfavorable,2022-11-21,53.85678694
Donald Trump,favorable,2022-11-20,41.17714626
Donald Trump,unfavorable,2022-11-20,53.85678694
Donald Trump,favorable,2022-11-19,41.17714626
Donald Trump,unfavorable,2022-11-19,53.85678694
Donald Trump,favorable,2022-11-18,41.17714626
Donald Trump,unfavorable,2022-11-18,53.85678694
Donald Trump,favorable,2022-11-17,40.90755669
Donald Trump,unfavorable,2022-11-17,54.31705274
Donald Trump,favorable,2022-11-16,40.98914289
Donald Trump,unfavorable,2022-11-16,54.13203358
Donald Trump,favorable,2022-11-15,40.00258856
Donald Trump,unfavorable,2022-11-15,53.99914605
Donald Trump,favorable,2022-11-14,39.93002219
Donald Trump,unfavorable,2022-11-14,54.31432736
Donald Trump,favorable,2022-11-13,39.93002219
Donald Trump,unfavorable,2022-11-13,54.31432736
Donald Trump,favorable,2022-11-12,39.93002219
Donald Trump,unfavorable,2022-11-12,54.31432736
Donald Trump,favorable,2022-11-11,39.93002219
Donald Trump,unfavorable,2022-11-11,54.31432736
Donald Trump,favorable,2022-11-10,39.93002219
Donald Trump,unfavorable,2022-11-10,54.31432736
Donald Trump,favorable,2022-11-09,39.93002219
Donald Trump,unfavorable,2022-11-09,54.31432736
Donald Trump,favorable,2022-11-08,39.93002219
Donald Trump,unfavorable,2022-11-08,54.31432736
Donald Trump,favorable,2022-11-07,39.93002219
Donald Trump,unfavorable,2022-11-07,54.31432736
Donald Trump,favorable,2022-11-06,41.11103143
Donald Trump,unfavorable,2022-11-06,54.22965523
Donald Trump,favorable,2022-11-05,41.11103143
Donald Trump,unfavorable,2022-11-05,54.22965523
Donald Trump,favorable,2022-11-04,41.11103143
Donald Trump,unfavorable,2022-11-04,54.22965523
Donald Trump,favorable,2022-11-03,41.11103143
Donald Trump,unfavorable,2022-11-03,54.22965523
Donald Trump,favorable,2022-11-02,40.81335874
Donald Trump,unfavorable,2022-11-02,54.04783792
Donald Trump,favorable,2022-11-01,41.07441764
Donald Trump,unfavorable,2022-11-01,54.10402306
Donald Trump,favorable,2022-10-31,40.73862737
Donald Trump,unfavorable,2022-10-31,54.38943906
Donald Trump,favorable,2022-10-30,39.62968894
Donald Trump,unfavorable,2022-10-30,55.29185629
Donald Trump,favorable,2022-10-29,39.62968894
Donald Trump,unfavorable,2022-10-29,55.29185629
Donald Trump,favorable,2022-10-28,39.62968894
Donald Trump,unfavorable,2022-10-28,55.29185629
Donald Trump,favorable,2022-10-27,40.73848369
Donald Trump,unfavorable,2022-10-27,54.53257085
Donald Trump,favorable,2022-10-26,41.23306476
Donald Trump,unfavorable,2022-10-26,54.28777739
Donald Trump,favorable,2022-10-25,42.07297423
Donald Trump,unfavorable,2022-10-25,53.73894992
Donald Trump,favorable,2022-10-24,42.07297423
Donald Trump,unfavorable,2022-10-24,53.73894992
Donald Trump,favorable,2022-10-23,42.00101239
Donald Trump,unfavorable,2022-10-23,53.74060798
Donald Trump,favorable,2022-10-22,42.00101239
Donald Trump,unfavorable,2022-10-22,53.74060798
Donald Trump,favorable,2022-10-21,42.00101239
Donald Trump,unfavorable,2022-10-21,53.74060798
Donald Trump,favorable,2022-10-20,42.00101239
Donald Trump,unfavorable,2022-10-20,53.74060798
Donald Trump,favorable,2022-10-19,42.04662996
Donald Trump,unfavorable,2022-10-19,53.70928809
Donald Trump,favorable,2022-10-18,41.49526434
Donald Trump,unfavorable,2022-10-18,53.72450025
Donald Trump,favorable,2022-10-17,41.7010381
Donald Trump,unfavorable,2022-10-17,53.51872649
Donald Trump,favorable,2022-10-16,41.68187919
Donald Trump,unfavorable,2022-10-16,53.68728632
Donald Trump,favorable,2022-10-15,41.68187919
Donald Trump,unfavorable,2022-10-15,53.68728632
Donald Trump,favorable,2022-10-14,41.68187919
Donald Trump,unfavorable,2022-10-14,53.68728632
Donald Trump,favorable,2022-10-13,40.40599021
Donald Trump,unfavorable,2022-10-13,55.07848116
Donald Trump,favorable,2022-10-12,41.24302605
Donald Trump,unfavorable,2022-10-12,54.15846334
Donald Trump,favorable,2022-10-11,41.36758348
Donald Trump,unfavorable,2022-10-11,54.35008717
Donald Trump,favorable,2022-10-10,41.60704457
Donald Trump,unfavorable,2022-10-10,54.09855242
Donald Trump,favorable,2022-10-09,41.60704457
Donald Trump,unfavorable,2022-10-09,54.09855242
Donald Trump,favorable,2022-10-08,41.60704457
Donald Trump,unfavorable,2022-10-08,54.09855242
Donald Trump,favorable,2022-10-07,41.60704457
Donald Trump,unfavorable,2022-10-07,54.09855242
Donald Trump,favorable,2022-10-06,41.60704457
Donald Trump,unfavorable,2022-10-06,54.09855242
Donald Trump,favorable,2022-10-05,41.60704457
Donald Trump,unfavorable,2022-10-05,54.09855242
Donald Trump,favorable,2022-10-04,41.91465686
Donald Trump,unfavorable,2022-10-04,54.00073928
Donald Trump,favorable,2022-10-03,41.91465686
Donald Trump,unfavorable,2022-10-03,54.00073928
Donald Trump,favorable,2022-10-02,41.91465686
Donald Trump,unfavorable,2022-10-02,54.00073928
Donald Trump,favorable,2022-10-01,41.91465686
Donald Trump,unfavorable,2022-10-01,54.00073928
Donald Trump,favorable,2022-09-30,41.91465686
Donald Trump,unfavorable,2022-09-30,54.00073928
Donald Trump,favorable,2022-09-29,41.91465686
Donald Trump,unfavorable,2022-09-29,54.00073928
Donald Trump,favorable,2022-09-28,42.36036793
Donald Trump,unfavorable,2022-09-28,53.75497125
Donald Trump,favorable,2022-09-27,43.14616198
Donald Trump,unfavorable,2022-09-27,53.18783852
Donald Trump,favorable,2022-09-26,43.14616198
Donald Trump,unfavorable,2022-09-26,53.18783852
Donald Trump,favorable,2022-09-25,43.14616198
Donald Trump,unfavorable,2022-09-25,53.18783852
Donald Trump,favorable,2022-09-24,43.14616198
Donald Trump,unfavorable,2022-09-24,53.18783852
Donald Trump,favorable,2022-09-23,43.13009811
Donald Trump,unfavorable,2022-09-23,53.19323645
Donald Trump,favorable,2022-09-22,43.13009811
Donald Trump,unfavorable,2022-09-22,53.19323645
Donald Trump,favorable,2022-09-21,42.37782634
Donald Trump,unfavorable,2022-09-21,53.421624
Donald Trump,favorable,2022-09-20,41.11809727
Donald Trump,unfavorable,2022-09-20,54.38460581
Donald Trump,favorable,2022-09-19,41.04710437
Donald Trump,unfavorable,2022-09-19,53.84257172
Donald Trump,favorable,2022-09-18,41.04710437
Donald Trump,unfavorable,2022-09-18,53.84257172
Donald Trump,favorable,2022-09-17,42.39269377
Donald Trump,unfavorable,2022-09-17,53.38037088
Donald Trump,favorable,2022-09-16,42.39269377
Donald Trump,unfavorable,2022-09-16,53.38037088
Donald Trump,favorable,2022-09-15,42.03445346
Donald Trump,unfavorable,2022-09-15,53.59045964
Donald Trump,favorable,2022-09-14,42.03445346
Donald Trump,unfavorable,2022-09-14,53.59045964
Donald Trump,favorable,2022-09-13,41.94060252
Donald Trump,unfavorable,2022-09-13,53.41263663
Donald Trump,favorable,2022-09-12,41.42290468
Donald Trump,unfavorable,2022-09-12,53.85700385
Donald Trump,favorable,2022-09-11,40.31594311
Donald Trump,unfavorable,2022-09-11,54.96637823
Donald Trump,favorable,2022-09-10,40.31594311
Donald Trump,unfavorable,2022-09-10,54.96637823
Donald Trump,favorable,2022-09-09,40.31594311
Donald Trump,unfavorable,2022-09-09,54.96637823
Donald Trump,favorable,2022-09-08,40.31594311
Donald Trump,unfavorable,2022-09-08,54.96637823
Donald Trump,favorable,2022-09-07,40.30540503
Donald Trump,unfavorable,2022-09-07,54.85200308
Donald Trump,favorable,2022-09-06,39.8396567
Donald Trump,unfavorable,2022-09-06,54.9348952
Donald Trump,favorable,2022-09-05,39.8396567
Donald Trump,unfavorable,2022-09-05,54.9348952
Donald Trump,favorable,2022-09-04,39.8396567
Donald Trump,unfavorable,2022-09-04,54.9348952
Donald Trump,favorable,2022-09-03,39.8396567
Donald Trump,unfavorable,2022-09-03,54.9348952
Donald Trump,favorable,2022-09-02,39.8396567
Donald Trump,unfavorable,2022-09-02,54.9348952
Donald Trump,favorable,2022-09-01,39.8396567
Donald Trump,unfavorable,2022-09-01,54.9348952
Donald Trump,favorable,2022-08-31,39.93363526
Donald Trump,unfavorable,2022-08-31,54.77379783
Donald Trump,favorable,2022-08-30,41.72989043
Donald Trump,unfavorable,2022-08-30,54.69175183
Donald Trump,favorable,2022-08-29,41.72989043
Donald Trump,unfavorable,2022-08-29,54.69175183
Donald Trump,favorable,2022-08-28,41.72989043
Donald Trump,unfavorable,2022-08-28,54.69175183
Donald Trump,favorable,2022-08-27,41.72989043
Donald Trump,unfavorable,2022-08-27,54.69175183
Donald Trump,favorable,2022-08-26,41.72989043
Donald Trump,unfavorable,2022-08-26,54.69175183
Donald Trump,favorable,2022-08-25,40.98148512
Donald Trump,unfavorable,2022-08-25,55.66835598
Donald Trump,favorable,2022-08-24,40.22094181
Donald Trump,unfavorable,2022-08-24,55.99834047
Donald Trump,favorable,2022-08-23,40.28959576
Donald Trump,unfavorable,2022-08-23,55.09030702
Donald Trump,favorable,2022-08-22,40.31002845
Donald Trump,unfavorable,2022-08-22,55.03827972
Donald Trump,favorable,2022-08-21,40.31002845
Donald Trump,unfavorable,2022-08-21,55.03827972
Donald Trump,favorable,2022-08-20,41.13766666
Donald Trump,unfavorable,2022-08-20,54.70481015
Donald Trump,favorable,2022-08-19,41.13766666
Donald Trump,unfavorable,2022-08-19,54.70481015
Donald Trump,favorable,2022-08-18,41.13766666
Donald Trump,unfavorable,2022-08-18,54.70481015
Donald Trump,favorable,2022-08-17,41.10173227
Donald Trump,unfavorable,2022-08-17,54.75371711
Donald Trump,favorable,2022-08-16,41.54321054
Donald Trump,unfavorable,2022-08-16,54.4535486
Donald Trump,favorable,2022-08-15,41.54321054
Donald Trump,unfavorable,2022-08-15,54.4535486
Donald Trump,favorable,2022-08-14,41.54321054
Donald Trump,unfavorable,2022-08-14,54.4535486
Donald Trump,favorable,2022-08-13,41.54321054
Donald Trump,unfavorable,2022-08-13,54.4535486
Donald Trump,favorable,2022-08-12,41.54321054
Donald Trump,unfavorable,2022-08-12,54.4535486
Donald Trump,favorable,2022-08-11,41.54321054
Donald Trump,unfavorable,2022-08-11,54.4535486
Donald Trump,favorable,2022-08-10,41.32352494
Donald Trump,unfavorable,2022-08-10,54.54103332
Donald Trump,favorable,2022-08-09,42.17638429
Donald Trump,unfavorable,2022-08-09,53.21940887
Donald Trump,favorable,2022-08-08,42.03504158
Donald Trump,unfavorable,2022-08-08,53.43669547
Donald Trump,favorable,2022-08-07,42.03504158
Donald Trump,unfavorable,2022-08-07,53.43669547
Donald Trump,favorable,2022-08-06,42.03504158
Donald Trump,unfavorable,2022-08-06,53.43669547
Donald Trump,favorable,2022-08-05,42.03504158
Donald Trump,unfavorable,2022-08-05,53.43669547
Donald Trump,favorable,2022-08-04,42.03504158
Donald Trump,unfavorable,2022-08-04,53.43669547
Donald Trump,favorable,2022-08-03,42.03504158
Donald Trump,unfavorable,2022-08-03,53.43669547
Donald Trump,favorable,2022-08-02,42.0484686
Donald Trump,unfavorable,2022-08-02,53.54079052
Donald Trump,favorable,2022-08-01,42.0484686
Donald Trump,unfavorable,2022-08-01,53.54079052
Donald Trump,favorable,2022-07-31,40.73390752
Donald Trump,unfavorable,2022-07-31,55.75956072
Donald Trump,favorable,2022-07-30,40.73390752
Donald Trump,unfavorable,2022-07-30,55.75956072
Donald Trump,favorable,2022-07-29,40.73390752
Donald Trump,unfavorable,2022-07-29,55.75956072
Donald Trump,favorable,2022-07-28,40.75550177
Donald Trump,unfavorable,2022-07-28,55.77583958
Donald Trump,favorable,2022-07-27,40.75550177
Donald Trump,unfavorable,2022-07-27,55.77583958
Donald Trump,favorable,2022-07-26,40.54550307
Donald Trump,unfavorable,2022-07-26,55.93333375
Donald Trump,favorable,2022-07-25,40.80635271
Donald Trump,unfavorable,2022-07-25,55.49150558
Donald Trump,favorable,2022-07-24,40.80635271
Donald Trump,unfavorable,2022-07-24,55.49150558
Donald Trump,favorable,2022-07-23,40.80635271
Donald Trump,unfavorable,2022-07-23,55.49150558
Donald Trump,favorable,2022-07-22,40.80635271
Donald Trump,unfavorable,2022-07-22,55.49150558
Donald Trump,favorable,2022-07-21,40.59353924
Donald Trump,unfavorable,2022-07-21,55.30889873
Donald Trump,favorable,2022-07-20,40.86920031
Donald Trump,unfavorable,2022-07-20,54.95657086
Donald Trump,favorable,2022-07-19,40.21828634
Donald Trump,unfavorable,2022-07-19,55.46156421
Donald Trump,favorable,2022-07-18,40.21828634
Donald Trump,unfavorable,2022-07-18,55.46156421
Donald Trump,favorable,2022-07-17,40.21828634
Donald Trump,unfavorable,2022-07-17,55.46156421
Donald Trump,favorable,2022-07-16,40.21828634
Donald Trump,unfavorable,2022-07-16,55.46156421
Donald Trump,favorable,2022-07-15,40.21828634
Donald Trump,unfavorable,2022-07-15,55.46156421
Donald Trump,favorable,2022-07-14,40.21828634
Donald Trump,unfavorable,2022-07-14,55.46156421
Donald Trump,favorable,2022-07-13,40.19830377
Donald Trump,unfavorable,2022-07-13,55.5133799
Donald Trump,favorable,2022-07-12,39.73015227
Donald Trump,unfavorable,2022-07-12,55.65656408
Donald Trump,favorable,2022-07-11,40.68740982
Donald Trump,unfavorable,2022-07-11,54.70633794
Donald Trump,favorable,2022-07-10,40.83255091
Donald Trump,unfavorable,2022-07-10,54.56274204
Donald Trump,favorable,2022-07-09,40.83255091
Donald Trump,unfavorable,2022-07-09,54.56274204
Donald Trump,favorable,2022-07-08,40.83255091
Donald Trump,unfavorable,2022-07-08,54.56274204
Donald Trump,favorable,2022-07-07,40.31139988
Donald Trump,unfavorable,2022-07-07,55.26079824
Donald Trump,favorable,2022-07-06,40.31139988
Donald Trump,unfavorable,2022-07-06,55.26079824
Donald Trump,favorable,2022-07-05,41.32931705
Donald Trump,unfavorable,2022-07-05,54.52456913
Donald Trump,favorable,2022-07-04,41.93729023
Donald Trump,unfavorable,2022-07-04,54.94691321
Donald Trump,favorable,2022-07-03,41.93729023
Donald Trump,unfavorable,2022-07-03,54.94691321
Donald Trump,favorable,2022-07-02,41.93729023
Donald Trump,unfavorable,2022-07-02,54.94691321
Donald Trump,favorable,2022-07-01,41.93729023
Donald Trump,unfavorable,2022-07-01,54.94691321
Donald Trump,favorable,2022-06-30,41.93729023
Donald Trump,unfavorable,2022-06-30,54.94691321
Donald Trump,favorable,2022-06-29,41.93729023
Donald Trump,unfavorable,2022-06-29,54.94691321
Donald Trump,favorable,2022-06-28,42.50710697
Donald Trump,unfavorable,2022-06-28,54.51592865
Donald Trump,favorable,2022-06-27,42.50710697
Donald Trump,unfavorable,2022-06-27,54.51592865
Donald Trump,favorable,2022-06-26,42.50710697
Donald Trump,unfavorable,2022-06-26,54.51592865
Donald Trump,favorable,2022-06-25,42.50710697
Donald Trump,unfavorable,2022-06-25,54.51592865
Donald Trump,favorable,2022-06-24,42.50710697
Donald Trump,unfavorable,2022-06-24,54.51592865
Donald Trump,favorable,2022-06-23,42.50710697
Donald Trump,unfavorable,2022-06-23,54.51592865
Donald Trump,favorable,2022-06-22,42.50710697
Donald Trump,unfavorable,2022-06-22,54.51592865
Donald Trump,favorable,2022-06-21,41.76457455
Donald Trump,unfavorable,2022-06-21,55.30022811
Donald Trump,favorable,2022-06-20,42.15284682
Donald Trump,unfavorable,2022-06-20,54.52767806
Donald Trump,favorable,2022-06-19,42.15284682
Donald Trump,unfavorable,2022-06-19,54.52767806
Donald Trump,favorable,2022-06-18,42.15284682
Donald Trump,unfavorable,2022-06-18,54.52767806
Donald Trump,favorable,2022-06-17,42.15284682
Donald Trump,unfavorable,2022-06-17,54.52767806
Donald Trump,favorable,2022-06-16,41.56616047
Donald Trump,unfavorable,2022-06-16,54.10182946
Donald Trump,favorable,2022-06-15,40.99400526
Donald Trump,unfavorable,2022-06-15,54.23658885
Donald Trump,favorable,2022-06-14,40.89025214
Donald Trump,unfavorable,2022-06-14,53.68411037
Donald Trump,favorable,2022-06-13,41.92461657
Donald Trump,unfavorable,2022-06-13,53.49614635
Donald Trump,favorable,2022-06-12,41.92461657
Donald Trump,unfavorable,2022-06-12,53.49614635
Donald Trump,favorable,2022-06-11,41.92461657
Donald Trump,unfavorable,2022-06-11,53.49614635
Donald Trump,favorable,2022-06-10,41.92461657
Donald Trump,unfavorable,2022-06-10,53.49614635
Donald Trump,favorable,2022-06-09,41.92461657
Donald Trump,unfavorable,2022-06-09,53.49614635
Donald Trump,favorable,2022-06-08,41.92461657
Donald Trump,unfavorable,2022-06-08,53.49614635
Donald Trump,favorable,2022-06-07,42.41991093
Donald Trump,unfavorable,2022-06-07,53.24323893
Donald Trump,favorable,2022-06-06,42.41991093
Donald Trump,unfavorable,2022-06-06,53.24323893
Donald Trump,favorable,2022-06-05,42.41991093
Donald Trump,unfavorable,2022-06-05,53.24323893
Donald Trump,favorable,2022-06-04,42.41991093
Donald Trump,unfavorable,2022-06-04,53.24323893
Donald Trump,favorable,2022-06-03,42.41991093
Donald Trump,unfavorable,2022-06-03,53.24323893
Donald Trump,favorable,2022-06-02,42.41991093
Donald Trump,unfavorable,2022-06-02,53.24323893
Donald Trump,favorable,2022-06-01,42.0244228
Donald Trump,unfavorable,2022-06-01,53.59787838
Donald Trump,favorable,2022-05-31,41.80608689
Donald Trump,unfavorable,2022-05-31,53.95919881
Donald Trump,favorable,2022-05-30,41.80608689
Donald Trump,unfavorable,2022-05-30,53.95919881
Donald Trump,favorable,2022-05-29,41.80608689
Donald Trump,unfavorable,2022-05-29,53.95919881
Donald Trump,favorable,2022-05-28,41.80608689
Donald Trump,unfavorable,2022-05-28,53.95919881
Donald Trump,favorable,2022-05-27,41.80608689
Donald Trump,unfavorable,2022-05-27,53.95919881
Donald Trump,favorable,2022-05-26,41.80608689
Donald Trump,unfavorable,2022-05-26,53.95919881
Donald Trump,favorable,2022-05-25,42.03782043
Donald Trump,unfavorable,2022-05-25,53.75734691
Donald Trump,favorable,2022-05-24,41.93942118
Donald Trump,unfavorable,2022-05-24,53.89227355
Donald Trump,favorable,2022-05-23,41.80170306
Donald Trump,unfavorable,2022-05-23,53.66810792
Donald Trump,favorable,2022-05-22,40.30198999
Donald Trump,unfavorable,2022-05-22,54.30345176
Donald Trump,favorable,2022-05-21,40.30198999
Donald Trump,unfavorable,2022-05-21,54.30345176
Donald Trump,favorable,2022-05-20,40.30198999
Donald Trump,unfavorable,2022-05-20,54.30345176
Donald Trump,favorable,2022-05-19,40.30198999
Donald Trump,unfavorable,2022-05-19,54.30345176
Donald Trump,favorable,2022-05-18,40.30198999
Donald Trump,unfavorable,2022-05-18,54.30345176
Donald Trump,favorable,2022-05-17,40.55393454
Donald Trump,unfavorable,2022-05-17,53.9507444
Donald Trump,favorable,2022-05-16,41.07435342
Donald Trump,unfavorable,2022-05-16,53.7451169
Donald Trump,favorable,2022-05-15,41.07435342
Donald Trump,unfavorable,2022-05-15,53.7451169
Donald Trump,favorable,2022-05-14,42.31732287
Donald Trump,unfavorable,2022-05-14,53.85656937
Donald Trump,favorable,2022-05-13,42.31732287
Donald Trump,unfavorable,2022-05-13,53.85656937
Donald Trump,favorable,2022-05-12,42.31732287
Donald Trump,unfavorable,2022-05-12,53.85656937
Donald Trump,favorable,2022-05-11,42.52406935
Donald Trump,unfavorable,2022-05-11,53.61208186
Donald Trump,favorable,2022-05-10,43.20564311
Donald Trump,unfavorable,2022-05-10,53.058621
Donald Trump,favorable,2022-05-09,43.20564311
Donald Trump,unfavorable,2022-05-09,53.058621
Donald Trump,favorable,2022-05-08,43.20564311
Donald Trump,unfavorable,2022-05-08,53.058621
Donald Trump,favorable,2022-05-07,43.20564311
Donald Trump,unfavorable,2022-05-07,53.058621
Donald Trump,favorable,2022-05-06,43.20564311
Donald Trump,unfavorable,2022-05-06,53.058621
Donald Trump,favorable,2022-05-05,43.20564311
Donald Trump,unfavorable,2022-05-05,53.058621
Donald Trump,favorable,2022-05-04,43.20564311
Donald Trump,unfavorable,2022-05-04,53.058621
Donald Trump,favorable,2022-05-03,44.17949038
Donald Trump,unfavorable,2022-05-03,51.78139532
Donald Trump,favorable,2022-05-02,44.17949038
Donald Trump,unfavorable,2022-05-02,51.78139532
Donald Trump,favorable,2022-05-01,44.17949038
Donald Trump,unfavorable,2022-05-01,51.78139532
Donald Trump,favorable,2022-04-30,43.55457293
Donald Trump,unfavorable,2022-04-30,51.44440026
Donald Trump,favorable,2022-04-29,43.55457293
Donald Trump,unfavorable,2022-04-29,51.44440026
Donald Trump,favorable,2022-04-28,44.17981136
Donald Trump,unfavorable,2022-04-28,50.99584302
Donald Trump,favorable,2022-04-27,42.88962284
Donald Trump,unfavorable,2022-04-27,52.60411768
Donald Trump,favorable,2022-04-26,42.88748499
Donald Trump,unfavorable,2022-04-26,52.51542086
Donald Trump,favorable,2022-04-25,42.88748499
Donald Trump,unfavorable,2022-04-25,52.51542086
Donald Trump,favorable,2022-04-24,43.44545
Donald Trump,unfavorable,2022-04-24,52.53669416
Donald Trump,favorable,2022-04-23,43.44545
Donald Trump,unfavorable,2022-04-23,52.53669416
Donald Trump,favorable,2022-04-22,43.44545
Donald Trump,unfavorable,2022-04-22,52.53669416
Donald Trump,favorable,2022-04-21,43.62766497
Donald Trump,unfavorable,2022-04-21,51.75879775
Donald Trump,favorable,2022-04-20,43.62766497
Donald Trump,unfavorable,2022-04-20,51.75879775
Donald Trump,favorable,2022-04-19,43.67658252
Donald Trump,unfavorable,2022-04-19,52.27894909
Donald Trump,favorable,2022-04-18,43.67658252
Donald Trump,unfavorable,2022-04-18,52.27894909
Donald Trump,favorable,2022-04-17,43.67658252
Donald Trump,unfavorable,2022-04-17,52.27894909
Donald Trump,favorable,2022-04-16,43.67658252
Donald Trump,unfavorable,2022-04-16,52.27894909
Donald Trump,favorable,2022-04-15,43.67658252
Donald Trump,unfavorable,2022-04-15,52.27894909
Donald Trump,favorable,2022-04-14,43.67658252
Donald Trump,unfavorable,2022-04-14,52.27894909
Donald Trump,favorable,2022-04-13,43.67658252
Donald Trump,unfavorable,2022-04-13,52.27894909
Donald Trump,favorable,2022-04-12,41.97427853
Donald Trump,unfavorable,2022-04-12,52.78922412
Donald Trump,favorable,2022-04-11,42.00600218
Donald Trump,unfavorable,2022-04-11,52.34738517
Donald Trump,favorable,2022-04-10,42.00600218
Donald Trump,unfavorable,2022-04-10,52.34738517
Donald Trump,favorable,2022-04-09,42.00600218
Donald Trump,unfavorable,2022-04-09,52.34738517
Donald Trump,favorable,2022-04-08,42.00600218
Donald Trump,unfavorable,2022-04-08,52.34738517
Donald Trump,favorable,2022-04-07,42.00600218
Donald Trump,unfavorable,2022-04-07,52.34738517
Donald Trump,favorable,2022-04-06,42.00600218
Donald Trump,unfavorable,2022-04-06,52.34738517
Donald Trump,favorable,2022-04-05,43.42936146
Donald Trump,unfavorable,2022-04-05,50.92971695
Donald Trump,favorable,2022-04-04,43.42936146
Donald Trump,unfavorable,2022-04-04,50.92971695
Donald Trump,favorable,2022-04-03,43.42936146
Donald Trump,unfavorable,2022-04-03,50.92971695
Donald Trump,favorable,2022-04-02,43.42936146
Donald Trump,unfavorable,2022-04-02,50.92971695
Donald Trump,favorable,2022-04-01,43.42936146
Donald Trump,unfavorable,2022-04-01,50.92971695
Donald Trump,favorable,2022-03-31,43.42936146
Donald Trump,unfavorable,2022-03-31,50.92971695
Donald Trump,favorable,2022-03-30,43.72815047
Donald Trump,unfavorable,2022-03-30,50.5397514
Donald Trump,favorable,2022-03-29,44.12641443
Donald Trump,unfavorable,2022-03-29,49.85435782
Donald Trump,favorable,2022-03-28,43.33132916
Donald Trump,unfavorable,2022-03-28,50.84848459
Donald Trump,favorable,2022-03-27,43.33132916
Donald Trump,unfavorable,2022-03-27,50.84848459
Donald Trump,favorable,2022-03-26,44.75870335
Donald Trump,unfavorable,2022-03-26,50.63073902
Donald Trump,favorable,2022-03-25,44.75870335
Donald Trump,unfavorable,2022-03-25,50.63073902
Donald Trump,favorable,2022-03-24,44.75870335
Donald Trump,unfavorable,2022-03-24,50.63073902
Donald Trump,favorable,2022-03-23,45.67392477
Donald Trump,unfavorable,2022-03-23,50.57312127
Donald Trump,favorable,2022-03-22,45.97276041
Donald Trump,unfavorable,2022-03-22,50.5945867
Donald Trump,favorable,2022-03-21,41.66642816
Donald Trump,unfavorable,2022-03-21,53.55215808
Donald Trump,favorable,2022-03-20,41.66642816
Donald Trump,unfavorable,2022-03-20,53.55215808
Donald Trump,favorable,2022-03-19,41.66642816
Donald Trump,unfavorable,2022-03-19,53.55215808
Donald Trump,favorable,2022-03-18,41.66642816
Donald Trump,unfavorable,2022-03-18,53.55215808
Donald Trump,favorable,2022-03-17,41.66642816
Donald Trump,unfavorable,2022-03-17,53.55215808
Donald Trump,favorable,2022-03-16,41.66642816
Donald Trump,unfavorable,2022-03-16,53.55215808
Donald Trump,favorable,2022-03-15,41.79764971
Donald Trump,unfavorable,2022-03-15,53.81762831
Donald Trump,favorable,2022-03-14,42.58168372
Donald Trump,unfavorable,2022-03-14,53.07531095
Donald Trump,favorable,2022-03-13,42.58168372
Donald Trump,unfavorable,2022-03-13,53.07531095
Donald Trump,favorable,2022-03-12,42.58168372
Donald Trump,unfavorable,2022-03-12,53.07531095
Donald Trump,favorable,2022-03-11,42.58168372
Donald Trump,unfavorable,2022-03-11,53.07531095
Donald Trump,favorable,2022-03-10,42.77652591
Donald Trump,unfavorable,2022-03-10,52.75577438
Donald Trump,favorable,2022-03-09,42.77652591
Donald Trump,unfavorable,2022-03-09,52.75577438
Donald Trump,favorable,2022-03-08,42.38462814
Donald Trump,unfavorable,2022-03-08,52.67795804
Donald Trump,favorable,2022-03-07,42.38462814
Donald Trump,unfavorable,2022-03-07,52.67795804
Donald Trump,favorable,2022-03-06,42.38462814
Donald Trump,unfavorable,2022-03-06,52.67795804
Donald Trump,favorable,2022-03-05,42.38462814
Donald Trump,unfavorable,2022-03-05,52.67795804
Donald Trump,favorable,2022-03-04,42.38462814
Donald Trump,unfavorable,2022-03-04,52.67795804
Donald Trump,favorable,2022-03-03,42.38462814
Donald Trump,unfavorable,2022-03-03,52.67795804
Donald Trump,favorable,2022-03-02,42.38462814
Donald Trump,unfavorable,2022-03-02,52.67795804
Donald Trump,favorable,2022-03-01,42.09985625
Donald Trump,unfavorable,2022-03-01,53.25592015
Donald Trump,favorable,2022-02-28,42.15434674
Donald Trump,unfavorable,2022-02-28,53.18745289
Donald Trump,favorable,2022-02-27,43.3407313
Donald Trump,unfavorable,2022-02-27,52.38599335
Donald Trump,favorable,2022-02-26,43.3407313
Donald Trump,unfavorable,2022-02-26,52.38599335
Donald Trump,favorable,2022-02-25,43.3407313
Donald Trump,unfavorable,2022-02-25,52.38599335
Donald Trump,favorable,2022-02-24,42.88816685
Donald Trump,unfavorable,2022-02-24,53.39541969
Donald Trump,favorable,2022-02-23,42.465435
Donald Trump,unfavorable,2022-02-23,53.13755
Donald Trump,favorable,2022-02-22,42.037754
Donald Trump,unfavorable,2022-02-22,53.901974
Donald Trump,favorable,2022-02-21,42.037754
Donald Trump,unfavorable,2022-02-21,53.901974
Donald Trump,favorable,2022-02-20,42.037754
Donald Trump,unfavorable,2022-02-20,53.901974
Donald Trump,favorable,2022-02-19,42.037754
Donald Trump,unfavorable,2022-02-19,53.901974
Donald Trump,favorable,2022-02-18,42.037754
Donald Trump,unfavorable,2022-02-18,53.901974
Donald Trump,favorable,2022-02-17,42.037754
Donald Trump,unfavorable,2022-02-17,53.901974
Donald Trump,favorable,2022-02-16,42.219288
Donald Trump,unfavorable,2022-02-16,53.489601
Donald Trump,favorable,2022-02-15,43.222523
Donald Trump,unfavorable,2022-02-15,53.79467
Donald Trump,favorable,2022-02-14,43.033241
Donald Trump,unfavorable,2022-02-14,53.83519
Donald Trump,favorable,2022-02-13,43.033241
Donald Trump,unfavorable,2022-02-13,53.83519
Donald Trump,favorable,2022-02-12,43.033241
Donald Trump,unfavorable,2022-02-12,53.83519
Donald Trump,favorable,2022-02-11,40.977085
Donald Trump,unfavorable,2022-02-11,54.378239
Donald Trump,favorable,2022-02-10,40.977085
Donald Trump,unfavorable,2022-02-10,54.378239
Donald Trump,favorable,2022-02-09,40.977085
Donald Trump,unfavorable,2022-02-09,54.378239
Donald Trump,favorable,2022-02-08,40.977085
Donald Trump,unfavorable,2022-02-08,54.378239
Donald Trump,favorable,2022-02-07,40.977085
Donald Trump,unfavorable,2022-02-07,54.378239
Donald Trump,favorable,2022-02-06,40.977085
Donald Trump,unfavorable,2022-02-06,54.378239
Donald Trump,favorable,2022-02-05,40.977085
Donald Trump,unfavorable,2022-02-05,54.378239
Donald Trump,favorable,2022-02-04,40.977085
Donald Trump,unfavorable,2022-02-04,54.378239
Donald Trump,favorable,2022-02-03,40.977085
Donald Trump,unfavorable,2022-02-03,54.378239
Donald Trump,favorable,2022-02-02,40.977085
Donald Trump,unfavorable,2022-02-02,54.378239
Donald Trump,favorable,2022-02-01,41.19331
Donald Trump,unfavorable,2022-02-01,53.685707
Donald Trump,favorable,2022-01-31,40.654324
Donald Trump,unfavorable,2022-01-31,53.947021
Donald Trump,favorable,2022-01-30,40.657516
Donald Trump,unfavorable,2022-01-30,53.938721
Donald Trump,favorable,2022-01-29,40.657516
Donald Trump,unfavorable,2022-01-29,53.938721
Donald Trump,favorable,2022-01-28,40.657516
Donald Trump,unfavorable,2022-01-28,53.938721
Donald Trump,favorable,2022-01-27,40.65751847
Donald Trump,unfavorable,2022-01-27,53.93871956
Donald Trump,favorable,2022-01-26,41.04036897
Donald Trump,unfavorable,2022-01-26,53.33133916
Donald Trump,favorable,2022-01-25,41.36542343
Donald Trump,unfavorable,2022-01-25,52.47986992
Donald Trump,favorable,2022-01-24,39.59586501
Donald Trump,unfavorable,2022-01-24,55.25856976
Donald Trump,favorable,2022-01-23,39.59586501
Donald Trump,unfavorable,2022-01-23,55.25856976
Donald Trump,favorable,2022-01-22,40.50554175
Donald Trump,unfavorable,2022-01-22,55.55119344
Donald Trump,favorable,2022-01-21,40.50554175
Donald Trump,unfavorable,2022-01-21,55.55119344
Donald Trump,favorable,2022-01-20,40.50554175
Donald Trump,unfavorable,2022-01-20,55.55119344
Donald Trump,favorable,2022-01-19,42.11288908
Donald Trump,unfavorable,2022-01-19,53.7730167
Donald Trump,favorable,2022-01-18,42.7061684
Donald Trump,unfavorable,2022-01-18,53.16560718
Donald Trump,favorable,2022-01-17,42.91065791
Donald Trump,unfavorable,2022-01-17,52.94384295
Donald Trump,favorable,2022-01-16,42.91065791
Donald Trump,unfavorable,2022-01-16,52.94384295
Donald Trump,favorable,2022-01-15,42.91065791
Donald Trump,unfavorable,2022-01-15,52.94384295
Donald Trump,favorable,2022-01-14,42.91065791
Donald Trump,unfavorable,2022-01-14,52.94384295
Donald Trump,favorable,2022-01-13,42.91065791
Donald Trump,unfavorable,2022-01-13,52.94384295
Donald Trump,favorable,2022-01-12,42.91065791
Donald Trump,unfavorable,2022-01-12,52.94384295
Donald Trump,favorable,2022-01-11,44.07128465
Donald Trump,unfavorable,2022-01-11,51.91004018
Donald Trump,favorable,2022-01-10,43.25743624
Donald Trump,unfavorable,2022-01-10,52.5293073
Donald Trump,favorable,2022-01-09,43.25743624
Donald Trump,unfavorable,2022-01-09,52.5293073
Donald Trump,favorable,2022-01-08,43.25743624
Donald Trump,unfavorable,2022-01-08,52.5293073
Donald Trump,favorable,2022-01-07,43.25743624
Donald Trump,unfavorable,2022-01-07,52.5293073
Donald Trump,favorable,2022-01-06,43.25743624
Donald Trump,unfavorable,2022-01-06,52.5293073
Donald Trump,favorable,2022-01-05,41.26016054
Donald Trump,unfavorable,2022-01-05,53.50041932
Donald Trump,favorable,2022-01-04,41.79602613
Donald Trump,unfavorable,2022-01-04,53.27171434
Donald Trump,favorable,2022-01-03,43.10558839
Donald Trump,unfavorable,2022-01-03,52.62599007
Donald Trump,favorable,2022-01-02,43.10558839
Donald Trump,unfavorable,2022-01-02,52.62599007
Donald Trump,favorable,2022-01-01,43.10558839
Donald Trump,unfavorable,2022-01-01,52.62599007
Donald Trump,favorable,2021-12-31,43.10558839
Donald Trump,unfavorable,2021-12-31,52.62599007
Donald Trump,favorable,2021-12-30,43.10558839
Donald Trump,unfavorable,2021-12-30,52.62599007
Donald Trump,favorable,2021-12-29,42.64178106
Donald Trump,unfavorable,2021-12-29,52.35287069
Donald Trump,favorable,2021-12-28,42.64178106
Donald Trump,unfavorable,2021-12-28,52.35287069
Donald Trump,favorable,2021-12-27,42.64178106
Donald Trump,unfavorable,2021-12-27,52.35287069
Donald Trump,favorable,2021-12-26,42.64178106
Donald Trump,unfavorable,2021-12-26,52.35287069
Donald Trump,favorable,2021-12-25,42.64178106
Donald Trump,unfavorable,2021-12-25,52.35287069
Donald Trump,favorable,2021-12-24,42.64178106
Donald Trump,unfavorable,2021-12-24,52.35287069
Donald Trump,favorable,2021-12-23,42.64178106
Donald Trump,unfavorable,2021-12-23,52.35287069
Donald Trump,favorable,2021-12-22,42.64178106
Donald Trump,unfavorable,2021-12-22,52.35287069
Donald Trump,favorable,2021-12-21,42.58351492
Donald Trump,unfavorable,2021-12-21,53.16954977
Donald Trump,favorable,2021-12-20,42.58351492
Donald Trump,unfavorable,2021-12-20,53.16954977
Donald Trump,favorable,2021-12-19,42.58351492
Donald Trump,unfavorable,2021-12-19,53.16954977
Donald Trump,favorable,2021-12-18,42.58351492
Donald Trump,unfavorable,2021-12-18,53.16954977
Donald Trump,favorable,2021-12-17,42.58351492
Donald Trump,unfavorable,2021-12-17,53.16954977
Donald Trump,favorable,2021-12-16,42.58351492
Donald Trump,unfavorable,2021-12-16,53.16954977
Donald Trump,favorable,2021-12-15,42.58351492
Donald Trump,unfavorable,2021-12-15,53.16954977
Donald Trump,favorable,2021-12-14,42.45769541
Donald Trump,unfavorable,2021-12-14,52.95655654
Donald Trump,favorable,2021-12-13,41.0847658
Donald Trump,unfavorable,2021-12-13,53.64521953
Donald Trump,favorable,2021-12-12,41.0847658
Donald Trump,unfavorable,2021-12-12,53.64521953
Donald Trump,favorable,2021-12-11,41.0847658
Donald Trump,unfavorable,2021-12-11,53.64521953
Donald Trump,favorable,2021-12-10,41.0847658
Donald Trump,unfavorable,2021-12-10,53.64521953
Donald Trump,favorable,2021-12-09,41.0847658
Donald Trump,unfavorable,2021-12-09,53.64521953
Donald Trump,favorable,2021-12-08,40.88764864
Donald Trump,unfavorable,2021-12-08,54.25558822
Donald Trump,favorable,2021-12-07,40.92989551
Donald Trump,unfavorable,2021-12-07,54.45914696
Donald Trump,favorable,2021-12-06,41.01531159
Donald Trump,unfavorable,2021-12-06,54.40810332
Donald Trump,favorable,2021-12-05,41.01531159
Donald Trump,unfavorable,2021-12-05,54.40810332
Donald Trump,favorable,2021-12-04,41.01531159
Donald Trump,unfavorable,2021-12-04,54.40810332
Donald Trump,favorable,2021-12-03,41.01531159
Donald Trump,unfavorable,2021-12-03,54.40810332
Donald Trump,favorable,2021-12-02,41.01531159
Donald Trump,unfavorable,2021-12-02,54.40810332
Donald Trump,favorable,2021-12-01,41.01531159
Donald Trump,unfavorable,2021-12-01,54.40810332
Donald Trump,favorable,2021-11-30,41.52618417
Donald Trump,unfavorable,2021-11-30,53.96424659
Donald Trump,favorable,2021-11-29,41.52618417
Donald Trump,unfavorable,2021-11-29,53.96424659
Donald Trump,favorable,2021-11-28,41.52618417
Donald Trump,unfavorable,2021-11-28,53.96424659
Donald Trump,favorable,2021-11-27,41.52618417
Donald Trump,unfavorable,2021-11-27,53.96424659
Donald Trump,favorable,2021-11-26,41.52618417
Donald Trump,unfavorable,2021-11-26,53.96424659
Donald Trump,favorable,2021-11-25,41.52618417
Donald Trump,unfavorable,2021-11-25,53.96424659
Donald Trump,favorable,2021-11-24,41.52618417
Donald Trump,unfavorable,2021-11-24,53.96424659
Donald Trump,favorable,2021-11-23,41.45502457
Donald Trump,unfavorable,2021-11-23,53.93968868
Donald Trump,favorable,2021-11-22,41.45502457
Donald Trump,unfavorable,2021-11-22,53.93968868
Donald Trump,favorable,2021-11-21,41.45502457
Donald Trump,unfavorable,2021-11-21,53.93968868
Donald Trump,favorable,2021-11-20,41.45502457
Donald Trump,unfavorable,2021-11-20,53.93968868
Donald Trump,favorable,2021-11-19,41.45502457
Donald Trump,unfavorable,2021-11-19,53.93968868
Donald Trump,favorable,2021-11-18,40.31191688
Donald Trump,unfavorable,2021-11-18,54.55566407
Donald Trump,favorable,2021-11-17,41.43884366
Donald Trump,unfavorable,2021-11-17,53.06717219
Donald Trump,favorable,2021-11-16,41.5932218
Donald Trump,unfavorable,2021-11-16,52.29596364
Donald Trump,favorable,2021-11-15,41.50993566
Donald Trump,unfavorable,2021-11-15,52.07212488
Donald Trump,favorable,2021-11-14,41.50993566
Donald Trump,unfavorable,2021-11-14,52.07212488
Donald Trump,favorable,2021-11-13,41.50993566
Donald Trump,unfavorable,2021-11-13,52.07212488
Donald Trump,favorable,2021-11-12,41.50993566
Donald Trump,unfavorable,2021-11-12,52.07212488
Donald Trump,favorable,2021-11-11,41.50993566
Donald Trump,unfavorable,2021-11-11,52.07212488
Donald Trump,favorable,2021-11-10,41.50993566
Donald Trump,unfavorable,2021-11-10,52.07212488
Donald Trump,favorable,2021-11-09,43.36798509
Donald Trump,unfavorable,2021-11-09,51.71270579
Donald Trump,favorable,2021-11-08,43.36798509
Donald Trump,unfavorable,2021-11-08,51.71270579
Donald Trump,favorable,2021-11-07,41.63298702
Donald Trump,unfavorable,2021-11-07,52.92731065
Donald Trump,favorable,2021-11-06,41.63298702
Donald Trump,unfavorable,2021-11-06,52.92731065
Donald Trump,favorable,2021-11-05,41.63298702
Donald Trump,unfavorable,2021-11-05,52.92731065
Donald Trump,favorable,2021-11-04,41.63298702
Donald Trump,unfavorable,2021-11-04,52.92731065
Donald Trump,favorable,2021-11-03,41.61734913
Donald Trump,unfavorable,2021-11-03,52.93144663
Donald Trump,favorable,2021-11-02,42.108578
Donald Trump,unfavorable,2021-11-02,52.3265
Donald Trump,favorable,2021-11-01,41.243107
Donald Trump,unfavorable,2021-11-01,52.680191
Donald Trump,favorable,2021-10-31,41.265011
Donald Trump,unfavorable,2021-10-31,52.647137
Donald Trump,favorable,2021-10-30,41.798325
Donald Trump,unfavorable,2021-10-30,52.993027
Donald Trump,favorable,2021-10-29,41.798325
Donald Trump,unfavorable,2021-10-29,52.993027
Donald Trump,favorable,2021-10-28,41.402477
Donald Trump,unfavorable,2021-10-28,52.96302
Donald Trump,favorable,2021-10-27,41.402477
Donald Trump,unfavorable,2021-10-27,52.96302
Donald Trump,favorable,2021-10-26,41.04871
Donald Trump,unfavorable,2021-10-26,52.132149
Donald Trump,favorable,2021-10-25,41.04871
Donald Trump,unfavorable,2021-10-25,52.132149
Donald Trump,favorable,2021-10-24,41.04871
Donald Trump,unfavorable,2021-10-24,52.132149
Donald Trump,favorable,2021-10-23,41.04871
Donald Trump,unfavorable,2021-10-23,52.132149
Donald Trump,favorable,2021-10-22,41.04871
Donald Trump,unfavorable,2021-10-22,52.132149
Donald Trump,favorable,2021-10-21,41.04871
Donald Trump,unfavorable,2021-10-21,52.132149
Donald Trump,favorable,2021-10-20,41.04871
Donald Trump,unfavorable,2021-10-20,52.132149
Donald Trump,favorable,2021-10-19,41.717072
Donald Trump,unfavorable,2021-10-19,53.370491
Donald Trump,favorable,2021-10-18,41.717072
Donald Trump,unfavorable,2021-10-18,53.370491
Donald Trump,favorable,2021-10-17,41.717072
Donald Trump,unfavorable,2021-10-17,53.370491
Donald Trump,favorable,2021-10-16,41.717072
Donald Trump,unfavorable,2021-10-16,53.370491
Donald Trump,favorable,2021-10-15,41.717072
Donald Trump,unfavorable,2021-10-15,53.370491
Donald Trump,favorable,2021-10-14,41.717072
Donald Trump,unfavorable,2021-10-14,53.370491
Donald Trump,favorable,2021-10-13,41.717072
Donald Trump,unfavorable,2021-10-13,53.370491
Donald Trump,favorable,2021-10-12,42.034271
Donald Trump,unfavorable,2021-10-12,53.813187
Donald Trump,favorable,2021-10-11,42.14426
Donald Trump,unfavorable,2021-10-11,53.583462
Donald Trump,favorable,2021-10-10,42.14426
Donald Trump,unfavorable,2021-10-10,53.583462
Donald Trump,favorable,2021-10-09,42.14426
Donald Trump,unfavorable,2021-10-09,53.583462
Donald Trump,favorable,2021-10-08,42.14426
Donald Trump,unfavorable,2021-10-08,53.583462
Donald Trump,favorable,2021-10-07,42.14426
Donald Trump,unfavorable,2021-10-07,53.583462
Donald Trump,favorable,2021-10-06,42.14426
Donald Trump,unfavorable,2021-10-06,53.583462
Donald Trump,favorable,2021-10-05,42.279503
Donald Trump,unfavorable,2021-10-05,53.323616
Donald Trump,favorable,2021-10-04,41.652439
Donald Trump,unfavorable,2021-10-04,53.77597
Donald Trump,favorable,2021-10-03,41.652439
Donald Trump,unfavorable,2021-10-03,53.77597
Donald Trump,favorable,2021-10-02,41.652439
Donald Trump,unfavorable,2021-10-02,53.77597
Donald Trump,favorable,2021-10-01,41.652439
Donald Trump,unfavorable,2021-10-01,53.77597
Donald Trump,favorable,2021-09-30,41.652439
Donald Trump,unfavorable,2021-09-30,53.77597
Donald Trump,favorable,2021-09-29,41.652439
Donald Trump,unfavorable,2021-09-29,53.77597
Donald Trump,favorable,2021-09-28,42.506145
Donald Trump,unfavorable,2021-09-28,53.12492
Donald Trump,favorable,2021-09-27,42.147957
Donald Trump,unfavorable,2021-09-27,52.762527
Donald Trump,favorable,2021-09-26,42.147957
Donald Trump,unfavorable,2021-09-26,52.762527
Donald Trump,favorable,2021-09-25,42.147957
Donald Trump,unfavorable,2021-09-25,52.762527
Donald Trump,favorable,2021-09-24,42.147957
Donald Trump,unfavorable,2021-09-24,52.762527
Donald Trump,favorable,2021-09-23,42.692852
Donald Trump,unfavorable,2021-09-23,52.553452
Donald Trump,favorable,2021-09-22,42.692852
Donald Trump,unfavorable,2021-09-22,52.553452
Donald Trump,favorable,2021-09-21,42.923016
Donald Trump,unfavorable,2021-09-21,52.826973
Donald Trump,favorable,2021-09-20,43.235737
Donald Trump,unfavorable,2021-09-20,52.343395
Donald Trump,favorable,2021-09-19,43.235737
Donald Trump,unfavorable,2021-09-19,52.343395
Donald Trump,favorable,2021-09-18,43.235737
Donald Trump,unfavorable,2021-09-18,52.343395
Donald Trump,favorable,2021-09-17,43.235737
Donald Trump,unfavorable,2021-09-17,52.343395
Donald Trump,favorable,2021-09-16,41.842724
Donald Trump,unfavorable,2021-09-16,53.475105
Donald Trump,favorable,2021-09-15,41.842724
Donald Trump,unfavorable,2021-09-15,53.475105
Donald Trump,favorable,2021-09-14,42.571926
Donald Trump,unfavorable,2021-09-14,52.863338
Donald Trump,favorable,2021-09-13,42.141857
Donald Trump,unfavorable,2021-09-13,53.039841
Donald Trump,favorable,2021-09-12,42.141857
Donald Trump,unfavorable,2021-09-12,53.039841
Donald Trump,favorable,2021-09-11,42.141857
Donald Trump,unfavorable,2021-09-11,53.039841
Donald Trump,favorable,2021-09-10,42.141857
Donald Trump,unfavorable,2021-09-10,53.039841
Donald Trump,favorable,2021-09-09,42.141857
Donald Trump,unfavorable,2021-09-09,53.039841
Donald Trump,favorable,2021-09-08,42.060684
Donald Trump,unfavorable,2021-09-08,52.763767
Donald Trump,favorable,2021-09-07,41.702644
Donald Trump,unfavorable,2021-09-07,53.053482
Donald Trump,favorable,2021-09-06,41.702644
Donald Trump,unfavorable,2021-09-06,53.053482
Donald Trump,favorable,2021-09-05,41.702644
Donald Trump,unfavorable,2021-09-05,53.053482
Donald Trump,favorable,2021-09-04,41.702644
Donald Trump,unfavorable,2021-09-04,53.053482
Donald Trump,favorable,2021-09-03,41.702644
Donald Trump,unfavorable,2021-09-03,53.053482
Donald Trump,favorable,2021-09-02,41.580486
Donald Trump,unfavorable,2021-09-02,53.335407
Donald Trump,favorable,2021-09-01,41.580486
Donald Trump,unfavorable,2021-09-01,53.335407
Donald Trump,favorable,2021-08-31,41.598171
Donald Trump,unfavorable,2021-08-31,54.05077
Donald Trump,favorable,2021-08-30,41.492908
Donald Trump,unfavorable,2021-08-30,52.828514
Donald Trump,favorable,2021-08-29,41.492908
Donald Trump,unfavorable,2021-08-29,52.828514
Donald Trump,favorable,2021-08-28,41.492908
Donald Trump,unfavorable,2021-08-28,52.828514
Donald Trump,favorable,2021-08-27,41.492908
Donald Trump,unfavorable,2021-08-27,52.828514
Donald Trump,favorable,2021-08-26,41.492908
Donald Trump,unfavorable,2021-08-26,52.828514
Donald Trump,favorable,2021-08-25,41.492908
Donald Trump,unfavorable,2021-08-25,52.828514
Donald Trump,favorable,2021-08-24,40.822411
Donald Trump,unfavorable,2021-08-24,52.961193
Donald Trump,favorable,2021-08-23,40.822411
Donald Trump,unfavorable,2021-08-23,52.961193
Donald Trump,favorable,2021-08-22,40.822411
Donald Trump,unfavorable,2021-08-22,52.961193
Donald Trump,favorable,2021-08-21,40.822411
Donald Trump,unfavorable,2021-08-21,52.961193
Donald Trump,favorable,2021-08-20,40.822411
Donald Trump,unfavorable,2021-08-20,52.961193
Donald Trump,favorable,2021-08-19,40.822411
Donald Trump,unfavorable,2021-08-19,52.961193
Donald Trump,favorable,2021-08-18,40.677662
Donald Trump,unfavorable,2021-08-18,52.49461
Donald Trump,favorable,2021-08-17,42.249691
Donald Trump,unfavorable,2021-08-17,53.399059
Donald Trump,favorable,2021-08-16,42.696148
Donald Trump,unfavorable,2021-08-16,52.952778
Donald Trump,favorable,2021-08-15,42.696148
Donald Trump,unfavorable,2021-08-15,52.952778
Donald Trump,favorable,2021-08-14,42.696148
Donald Trump,unfavorable,2021-08-14,52.952778
Donald Trump,favorable,2021-08-13,42.696148
Donald Trump,unfavorable,2021-08-13,52.952778
Donald Trump,favorable,2021-08-12,42.696148
Donald Trump,unfavorable,2021-08-12,52.952778
Donald Trump,favorable,2021-08-11,42.696148
Donald Trump,unfavorable,2021-08-11,52.952778
Donald Trump,favorable,2021-08-10,43.488316
Donald Trump,unfavorable,2021-08-10,52.471451
Donald Trump,favorable,2021-08-09,42.805569
Donald Trump,unfavorable,2021-08-09,53.045273
Donald Trump,favorable,2021-08-08,42.805569
Donald Trump,unfavorable,2021-08-08,53.045273
Donald Trump,favorable,2021-08-07,42.805569
Donald Trump,unfavorable,2021-08-07,53.045273
Donald Trump,favorable,2021-08-06,42.805569
Donald Trump,unfavorable,2021-08-06,53.045273
Donald Trump,favorable,2021-08-05,42.805569
Donald Trump,unfavorable,2021-08-05,53.045273
Donald Trump,favorable,2021-08-04,42.805569
Donald Trump,unfavorable,2021-08-04,53.045273
Donald Trump,favorable,2021-08-03,43.371365
Donald Trump,unfavorable,2021-08-03,52.614429
Donald Trump,favorable,2021-08-02,44.049282
Donald Trump,unfavorable,2021-08-02,51.59676
Donald Trump,favorable,2021-08-01,44.049282
Donald Trump,unfavorable,2021-08-01,51.59676
Donald Trump,favorable,2021-07-31,44.049282
Donald Trump,unfavorable,2021-07-31,51.59676
Donald Trump,favorable,2021-07-30,44.049282
Donald Trump,unfavorable,2021-07-30,51.59676
Donald Trump,favorable,2021-07-29,43.622627
Donald Trump,unfavorable,2021-07-29,52.363739
Donald Trump,favorable,2021-07-28,43.622627
Donald Trump,unfavorable,2021-07-28,52.363739
Donald Trump,favorable,2021-07-27,44.103657
Donald Trump,unfavorable,2021-07-27,52.608788
Donald Trump,favorable,2021-07-26,44.224625
Donald Trump,unfavorable,2021-07-26,52.64854
Donald Trump,favorable,2021-07-25,44.224625
Donald Trump,unfavorable,2021-07-25,52.64854
Donald Trump,favorable,2021-07-24,44.224625
Donald Trump,unfavorable,2021-07-24,52.64854
Donald Trump,favorable,2021-07-23,44.12928
Donald Trump,unfavorable,2021-07-23,52.242218
Donald Trump,favorable,2021-07-22,41.283009
Donald Trump,unfavorable,2021-07-22,54.474731
Donald Trump,favorable,2021-07-21,41.283009
Donald Trump,unfavorable,2021-07-21,54.474731
Donald Trump,favorable,2021-07-20,42.033409
Donald Trump,unfavorable,2021-07-20,54.059853
Donald Trump,favorable,2021-07-19,42.725475
Donald Trump,unfavorable,2021-07-19,52.889057
Donald Trump,favorable,2021-07-18,42.020992
Donald Trump,unfavorable,2021-07-18,53.165558
Donald Trump,favorable,2021-07-17,42.533188
Donald Trump,unfavorable,2021-07-17,53.030533
Donald Trump,favorable,2021-07-16,42.533188
Donald Trump,unfavorable,2021-07-16,53.030533
Donald Trump,favorable,2021-07-15,42.533188
Donald Trump,unfavorable,2021-07-15,53.030533
Donald Trump,favorable,2021-07-14,42.533188
Donald Trump,unfavorable,2021-07-14,53.030533
Donald Trump,favorable,2021-07-13,42.557556
Donald Trump,unfavorable,2021-07-13,52.999424
Donald Trump,favorable,2021-07-12,42.381718
Donald Trump,unfavorable,2021-07-12,52.803108
Donald Trump,favorable,2021-07-11,42.381718
Donald Trump,unfavorable,2021-07-11,52.803108
Donald Trump,favorable,2021-07-10,41.425808
Donald Trump,unfavorable,2021-07-10,53.722725
Donald Trump,favorable,2021-07-09,41.425808
Donald Trump,unfavorable,2021-07-09,53.722725
Donald Trump,favorable,2021-07-08,41.14592
Donald Trump,unfavorable,2021-07-08,53.599125
Donald Trump,favorable,2021-07-07,41.14592
Donald Trump,unfavorable,2021-07-07,53.599125
Donald Trump,favorable,2021-07-06,42.370979
Donald Trump,unfavorable,2021-07-06,52.854252
Donald Trump,favorable,2021-07-05,42.370979
Donald Trump,unfavorable,2021-07-05,52.854252
Donald Trump,favorable,2021-07-04,42.370979
Donald Trump,unfavorable,2021-07-04,52.854252
Donald Trump,favorable,2021-07-03,42.370979
Donald Trump,unfavorable,2021-07-03,52.854252
Donald Trump,favorable,2021-07-02,42.370979
Donald Trump,unfavorable,2021-07-02,52.854252
Donald Trump,favorable,2021-07-01,42.370979
Donald Trump,unfavorable,2021-07-01,52.854252
Donald Trump,favorable,2021-06-30,42.370979
Donald Trump,unfavorable,2021-06-30,52.854252
Donald Trump,favorable,2021-06-29,43.353123
Donald Trump,unfavorable,2021-06-29,52.008083
Donald Trump,favorable,2021-06-28,42.287052
Donald Trump,unfavorable,2021-06-28,52.538158
Donald Trump,favorable,2021-06-27,42.287052
Donald Trump,unfavorable,2021-06-27,52.538158
Donald Trump,favorable,2021-06-26,42.287052
Donald Trump,unfavorable,2021-06-26,52.538158
Donald Trump,favorable,2021-06-25,42.287052
Donald Trump,unfavorable,2021-06-25,52.538158
Donald Trump,favorable,2021-06-24,41.868439
Donald Trump,unfavorable,2021-06-24,52.499813
Donald Trump,favorable,2021-06-23,41.808212
Donald Trump,unfavorable,2021-06-23,52.351501
Donald Trump,favorable,2021-06-22,42.011868
Donald Trump,unfavorable,2021-06-22,51.817833
Donald Trump,favorable,2021-06-21,42.011868
Donald Trump,unfavorable,2021-06-21,51.817833
Donald Trump,favorable,2021-06-20,41.574669
Donald Trump,unfavorable,2021-06-20,51.475204
Donald Trump,favorable,2021-06-19,41.259781
Donald Trump,unfavorable,2021-06-19,53.036598
Donald Trump,favorable,2021-06-18,41.259781
Donald Trump,unfavorable,2021-06-18,53.036598
Donald Trump,favorable,2021-06-17,40.040287
Donald Trump,unfavorable,2021-06-17,55.515938
Donald Trump,favorable,2021-06-16,40.040287
Donald Trump,unfavorable,2021-06-16,55.515938
Donald Trump,favorable,2021-06-15,41.33952
Donald Trump,unfavorable,2021-06-15,54.918232
Donald Trump,favorable,2021-06-14,43.481415
Donald Trump,unfavorable,2021-06-14,52.4053
Donald Trump,favorable,2021-06-13,42.95982
Donald Trump,unfavorable,2021-06-13,52.68816
Donald Trump,favorable,2021-06-12,42.95982
Donald Trump,unfavorable,2021-06-12,52.68816
Donald Trump,favorable,2021-06-11,42.95982
Donald Trump,unfavorable,2021-06-11,52.68816
Donald Trump,favorable,2021-06-10,42.715496
Donald Trump,unfavorable,2021-06-10,53.042282
Donald Trump,favorable,2021-06-09,42.715496
Donald Trump,unfavorable,2021-06-09,53.042282
Donald Trump,favorable,2021-06-08,42.437893
Donald Trump,unfavorable,2021-06-08,53.137493
Donald Trump,favorable,2021-06-07,41.799259
Donald Trump,unfavorable,2021-06-07,53.41267
Donald Trump,favorable,2021-06-06,41.799259
Donald Trump,unfavorable,2021-06-06,53.41267
Donald Trump,favorable,2021-06-05,41.799259
Donald Trump,unfavorable,2021-06-05,53.41267
Donald Trump,favorable,2021-06-04,41.615585
Donald Trump,unfavorable,2021-06-04,53.238476
Donald Trump,favorable,2021-06-03,41.615585
Donald Trump,unfavorable,2021-06-03,53.238476
Donald Trump,favorable,2021-06-02,41.615585
Donald Trump,unfavorable,2021-06-02,53.238476
Donald Trump,favorable,2021-06-01,42.039532
Donald Trump,unfavorable,2021-06-01,52.933075
Donald Trump,favorable,2021-05-31,42.039532
Donald Trump,unfavorable,2021-05-31,52.933075
Donald Trump,favorable,2021-05-30,42.039532
Donald Trump,unfavorable,2021-05-30,52.933075
Donald Trump,favorable,2021-05-29,42.039532
Donald Trump,unfavorable,2021-05-29,52.933075
Donald Trump,favorable,2021-05-28,42.039532
Donald Trump,unfavorable,2021-05-28,52.933075
Donald Trump,favorable,2021-05-27,42.039532
Donald Trump,unfavorable,2021-05-27,52.933075
Donald Trump,favorable,2021-05-26,42.039532
Donald Trump,unfavorable,2021-05-26,52.933075
Donald Trump,favorable,2021-05-25,40.792812
Donald Trump,unfavorable,2021-05-25,54.236591
Donald Trump,favorable,2021-05-24,42.200176
Donald Trump,unfavorable,2021-05-24,52.70837
Donald Trump,favorable,2021-05-23,42.200176
Donald Trump,unfavorable,2021-05-23,52.70837
Donald Trump,favorable,2021-05-22,42.200176
Donald Trump,unfavorable,2021-05-22,52.70837
Donald Trump,favorable,2021-05-21,42.200176
Donald Trump,unfavorable,2021-05-21,52.70837
Donald Trump,favorable,2021-05-20,41.544182
Donald Trump,unfavorable,2021-05-20,53.461777
Donald Trump,favorable,2021-05-19,41.544182
Donald Trump,unfavorable,2021-05-19,53.461777
Donald Trump,favorable,2021-05-18,41.412327
Donald Trump,unfavorable,2021-05-18,53.962944
Donald Trump,favorable,2021-05-17,41.711617
Donald Trump,unfavorable,2021-05-17,53.165237
Donald Trump,favorable,2021-05-16,41.711617
Donald Trump,unfavorable,2021-05-16,53.165237
Donald Trump,favorable,2021-05-15,41.711617
Donald Trump,unfavorable,2021-05-15,53.165237
Donald Trump,favorable,2021-05-14,41.711617
Donald Trump,unfavorable,2021-05-14,53.165237
Donald Trump,favorable,2021-05-13,41.711617
Donald Trump,unfavorable,2021-05-13,53.165237
Donald Trump,favorable,2021-05-12,41.711617
Donald Trump,unfavorable,2021-05-12,53.165237
Donald Trump,favorable,2021-05-11,41.24268
Donald Trump,unfavorable,2021-05-11,53.80315
Donald Trump,favorable,2021-05-10,41.177345
Donald Trump,unfavorable,2021-05-10,53.420097
Donald Trump,favorable,2021-05-09,41.058525
Donald Trump,unfavorable,2021-05-09,53.036179
Donald Trump,favorable,2021-05-08,41.058525
Donald Trump,unfavorable,2021-05-08,53.036179
Donald Trump,favorable,2021-05-07,41.058525
Donald Trump,unfavorable,2021-05-07,53.036179
Donald Trump,favorable,2021-05-06,41.058525
Donald Trump,unfavorable,2021-05-06,53.036179
Donald Trump,favorable,2021-05-05,41.058525
Donald Trump,unfavorable,2021-05-05,53.036179
Donald Trump,favorable,2021-05-04,41.279255
Donald Trump,unfavorable,2021-05-04,53.761532
Donald Trump,favorable,2021-05-03,41.311882
Donald Trump,unfavorable,2021-05-03,53.534653
Donald Trump,favorable,2021-05-02,41.311882
Donald Trump,unfavorable,2021-05-02,53.534653
Donald Trump,favorable,2021-05-01,41.311882
Donald Trump,unfavorable,2021-05-01,53.534653
Donald Trump,favorable,2021-04-30,41.311882
Donald Trump,unfavorable,2021-04-30,53.534653
Donald Trump,favorable,2021-04-29,39.621632
Donald Trump,unfavorable,2021-04-29,54.995415
Donald Trump,favorable,2021-04-28,39.621632
Donald Trump,unfavorable,2021-04-28,54.995415
Donald Trump,favorable,2021-04-27,39.779255
Donald Trump,unfavorable,2021-04-27,54.806808
Donald Trump,favorable,2021-04-26,39.292458
Donald Trump,unfavorable,2021-04-26,54.313423
Donald Trump,favorable,2021-04-25,39.292458
Donald Trump,unfavorable,2021-04-25,54.313423
Donald Trump,favorable,2021-04-24,39.292458
Donald Trump,unfavorable,2021-04-24,54.313423
Donald Trump,favorable,2021-04-23,38.583378
Donald Trump,unfavorable,2021-04-23,54.773457
Donald Trump,favorable,2021-04-22,38.583378
Donald Trump,unfavorable,2021-04-22,54.773457
Donald Trump,favorable,2021-04-21,38.583378
Donald Trump,unfavorable,2021-04-21,54.773457
Donald Trump,favorable,2021-04-20,40.349873
Donald Trump,unfavorable,2021-04-20,55.385429
Donald Trump,favorable,2021-04-19,40.063423
Donald Trump,unfavorable,2021-04-19,55.374298
Donald Trump,favorable,2021-04-18,40.063423
Donald Trump,unfavorable,2021-04-18,55.374298
Donald Trump,favorable,2021-04-17,40.063423
Donald Trump,unfavorable,2021-04-17,55.374298
Donald Trump,favorable,2021-04-16,40.063423
Donald Trump,unfavorable,2021-04-16,55.374298
Donald Trump,favorable,2021-04-15,40.063423
Donald Trump,unfavorable,2021-04-15,55.374298
Donald Trump,favorable,2021-04-14,40.063423
Donald Trump,unfavorable,2021-04-14,55.374298
Donald Trump,favorable,2021-04-13,40.043163
Donald Trump,unfavorable,2021-04-13,55.402786
Donald Trump,favorable,2021-04-12,39.936852
Donald Trump,unfavorable,2021-04-12,54.835213
Donald Trump,favorable,2021-04-11,40.499199
Donald Trump,unfavorable,2021-04-11,54.580296
Donald Trump,favorable,2021-04-10,40.499199
Donald Trump,unfavorable,2021-04-10,54.580296
Donald Trump,favorable,2021-04-09,40.499199
Donald Trump,unfavorable,2021-04-09,54.580296
Donald Trump,favorable,2021-04-08,40.499199
Donald Trump,unfavorable,2021-04-08,54.580296
Donald Trump,favorable,2021-04-07,40.237156
Donald Trump,unfavorable,2021-04-07,54.667446
Donald Trump,favorable,2021-04-06,40.999893
Donald Trump,unfavorable,2021-04-06,54.089756
Donald Trump,favorable,2021-04-05,40.999893
Donald Trump,unfavorable,2021-04-05,54.089756
Donald Trump,favorable,2021-04-04,41.399242
Donald Trump,unfavorable,2021-04-04,53.569576
Donald Trump,favorable,2021-04-03,41.399242
Donald Trump,unfavorable,2021-04-03,53.569576
Donald Trump,favorable,2021-04-02,41.399242
Donald Trump,unfavorable,2021-04-02,53.569576
Donald Trump,favorable,2021-04-01,41.399242
Donald Trump,unfavorable,2021-04-01,53.569576
Donald Trump,favorable,2021-03-31,41.399242
Donald Trump,unfavorable,2021-03-31,53.569576
Donald Trump,favorable,2021-03-30,41.892323
Donald Trump,unfavorable,2021-03-30,53.300182
Donald Trump,favorable,2021-03-29,42.034004
Donald Trump,unfavorable,2021-03-29,52.427425
Donald Trump,favorable,2021-03-28,41.461102
Donald Trump,unfavorable,2021-03-28,53.093784
Donald Trump,favorable,2021-03-27,41.461102
Donald Trump,unfavorable,2021-03-27,53.093784
Donald Trump,favorable,2021-03-26,41.461102
Donald Trump,unfavorable,2021-03-26,53.093784
Donald Trump,favorable,2021-03-25,41.242153
Donald Trump,unfavorable,2021-03-25,54.238258
Donald Trump,favorable,2021-03-24,41.242153
Donald Trump,unfavorable,2021-03-24,54.238258
Donald Trump,favorable,2021-03-23,41.032093
Donald Trump,unfavorable,2021-03-23,54.872349
Donald Trump,favorable,2021-03-22,40.903831
Donald Trump,unfavorable,2021-03-22,54.648586
Donald Trump,favorable,2021-03-21,40.855137
Donald Trump,unfavorable,2021-03-21,54.808704
Donald Trump,favorable,2021-03-20,40.855137
Donald Trump,unfavorable,2021-03-20,54.808704
Donald Trump,favorable,2021-03-19,40.855137
Donald Trump,unfavorable,2021-03-19,54.808704
Donald Trump,favorable,2021-03-18,40.855137
Donald Trump,unfavorable,2021-03-18,54.808704
Donald Trump,favorable,2021-03-17,40.041561
Donald Trump,unfavorable,2021-03-17,55.239532
Donald Trump,favorable,2021-03-16,39.870544
Donald Trump,unfavorable,2021-03-16,55.759521
Donald Trump,favorable,2021-03-15,39.878338
Donald Trump,unfavorable,2021-03-15,54.980129
Donald Trump,favorable,2021-03-14,39.878338
Donald Trump,unfavorable,2021-03-14,54.980129
Donald Trump,favorable,2021-03-13,39.878338
Donald Trump,unfavorable,2021-03-13,54.980129
Donald Trump,favorable,2021-03-12,39.878338
Donald Trump,unfavorable,2021-03-12,54.980129
Donald Trump,favorable,2021-03-11,39.878338
Donald Trump,unfavorable,2021-03-11,54.980129
Donald Trump,favorable,2021-03-10,39.878338
Donald Trump,unfavorable,2021-03-10,54.980129
Donald Trump,favorable,2021-03-09,39.668552
Donald Trump,unfavorable,2021-03-09,55.518154
Donald Trump,favorable,2021-03-08,39.768734
Donald Trump,unfavorable,2021-03-08,55.170418
Donald Trump,favorable,2021-03-07,39.768734
Donald Trump,unfavorable,2021-03-07,55.170418
Donald Trump,favorable,2021-03-06,39.768734
Donald Trump,unfavorable,2021-03-06,55.170418
Donald Trump,favorable,2021-03-05,39.768734
Donald Trump,unfavorable,2021-03-05,55.170418
Donald Trump,favorable,2021-03-04,40.566875
Donald Trump,unfavorable,2021-03-04,54.998425
Donald Trump,favorable,2021-03-03,40.566875
Donald Trump,unfavorable,2021-03-03,54.998425
Donald Trump,favorable,2021-03-02,40.760784
Donald Trump,unfavorable,2021-03-02,55.108391
Donald Trump,favorable,2021-03-01,40.302372
Donald Trump,unfavorable,2021-03-01,55.3647
Donald Trump,favorable,2021-02-28,40.302372
Donald Trump,unfavorable,2021-02-28,55.3647
Donald Trump,favorable,2021-02-27,40.302372
Donald Trump,unfavorable,2021-02-27,55.3647
Donald Trump,favorable,2021-02-26,40.302372
Donald Trump,unfavorable,2021-02-26,55.3647
Donald Trump,favorable,2021-02-25,39.678482
Donald Trump,unfavorable,2021-02-25,57.03133
Donald Trump,favorable,2021-02-24,39.678482
Donald Trump,unfavorable,2021-02-24,57.03133
Donald Trump,favorable,2021-02-23,39.678482
Donald Trump,unfavorable,2021-02-23,57.03133
Donald Trump,favorable,2021-02-22,39.912312
Donald Trump,unfavorable,2021-02-22,56.674171
Donald Trump,favorable,2021-02-21,39.770359
Donald Trump,unfavorable,2021-02-21,57.185696
Donald Trump,favorable,2021-02-20,39.76569
Donald Trump,unfavorable,2021-02-20,57.146595
Donald Trump,favorable,2021-02-19,39.76569
Donald Trump,unfavorable,2021-02-19,57.146595
Donald Trump,favorable,2021-02-18,40.044601
Donald Trump,unfavorable,2021-02-18,56.841389
Donald Trump,favorable,2021-02-17,40.044601
Donald Trump,unfavorable,2021-02-17,56.841389
Donald Trump,favorable,2021-02-16,40.044601
Donald Trump,unfavorable,2021-02-16,56.841389
Donald Trump,favorable,2021-02-15,40.935226
Donald Trump,unfavorable,2021-02-15,55.466129
Donald Trump,favorable,2021-02-14,38.978596
Donald Trump,unfavorable,2021-02-14,57.223717
Donald Trump,favorable,2021-02-13,38.978596
Donald Trump,unfavorable,2021-02-13,57.223717
Donald Trump,favorable,2021-02-12,38.978596
Donald Trump,unfavorable,2021-02-12,57.223717
Donald Trump,favorable,2021-02-11,38.978596
Donald Trump,unfavorable,2021-02-11,57.223717
Donald Trump,favorable,2021-02-10,38.978596
Donald Trump,unfavorable,2021-02-10,57.223717
Donald Trump,favorable,2021-02-09,39.18243
Donald Trump,unfavorable,2021-02-09,57.079388
Donald Trump,favorable,2021-02-08,39.18243
Donald Trump,unfavorable,2021-02-08,57.079388
Donald Trump,favorable,2021-02-07,39.367634
Donald Trump,unfavorable,2021-02-07,56.885262
Donald Trump,favorable,2021-02-06,39.367634
Donald Trump,unfavorable,2021-02-06,56.885262
Donald Trump,favorable,2021-02-05,39.367634
Donald Trump,unfavorable,2021-02-05,56.885262
Donald Trump,favorable,2021-02-04,39.367634
Donald Trump,unfavorable,2021-02-04,56.885262
Donald Trump,favorable,2021-02-03,39.367634
Donald Trump,unfavorable,2021-02-03,56.885262
Donald Trump,favorable,2021-02-02,38.458393
Donald Trump,unfavorable,2021-02-02,58.087215
Donald Trump,favorable,2021-02-01,38.779213
Donald Trump,unfavorable,2021-02-01,56.766342