politician,date,answer,pct_estimate,lo,hi
Kamala Harris,2023-06-21,Approve,40.72302077732446,,
Kamala Harris,2023-06-21,Disapprove,51.64023956633357,,
Kamala Harris,2023-06-20,Approve,40.72302077732446,,
Kamala Harris,2023-06-20,Disapprove,51.64023956633357,,
Kamala Harris,2023-06-19,Approve,40.72302077732446,,
Kamala Harris,2023-06-19,Disapprove,51.64023956633357,,
Kamala Harris,2023-06-18,Approve,38.73151014067638,,
Kamala Harris,2023-06-18,Disapprove,52.13839717795393,,
Kamala Harris,2023-06-17,Approve,38.73151014067638,,
Kamala Harris,2023-06-17,Disapprove,52.13839717795393,,
Kamala Harris,2023-06-16,Approve,38.73151014067638,,
Kamala Harris,2023-06-16,Disapprove,52.13839717795393,,
Kamala Harris,2023-06-15,Approve,38.24048026908141,,
Kamala Harris,2023-06-15,Disapprove,53.91897789742584,,
Kamala Harris,2023-06-14,Approve,38.2404802690814,,
Kamala Harris,2023-06-14,Disapprove,53.91897789742585,,
Kamala Harris,2023-06-13,Approve,38.2404802690814,,
Kamala Harris,2023-06-13,Disapprove,53.91897789742584,,
Kamala Harris,2023-06-12,Approve,38.2404802690814,,
Kamala Harris,2023-06-12,Disapprove,53.91897789742584,,
Kamala Harris,2023-06-11,Approve,38.24048026908141,,
Kamala Harris,2023-06-11,Disapprove,53.91897789742584,,
Kamala Harris,2023-06-10,Approve,38.2404802690814,,
Kamala Harris,2023-06-10,Disapprove,53.91897789742585,,
Kamala Harris,2023-06-09,Approve,38.2404802690814,,
Kamala Harris,2023-06-09,Disapprove,53.91897789742584,,
Kamala Harris,2023-06-08,Approve,36.67157938667801,,
Kamala Harris,2023-06-08,Disapprove,55.99491392005172,,
Kamala Harris,2023-06-07,Approve,36.67157938667801,,
Kamala Harris,2023-06-07,Disapprove,55.99491392005172,,
Kamala Harris,2023-06-06,Approve,36.16439003870108,,
Kamala Harris,2023-06-06,Disapprove,52.75911294902747,,
Kamala Harris,2023-06-05,Approve,36.16439003870108,,
Kamala Harris,2023-06-05,Disapprove,52.75911294902747,,
Kamala Harris,2023-06-04,Approve,36.16439003870108,,
Kamala Harris,2023-06-04,Disapprove,52.75911294902746,,
Kamala Harris,2023-06-03,Approve,36.16439003870108,,
Kamala Harris,2023-06-03,Disapprove,52.75911294902747,,
Kamala Harris,2023-06-02,Approve,36.16439003870108,,
Kamala Harris,2023-06-02,Disapprove,52.75911294902747,,
Kamala Harris,2023-06-01,Approve,36.16439003870108,,
Kamala Harris,2023-06-01,Disapprove,52.75911294902747,,
Kamala Harris,2023-05-31,Approve,36.16439003870108,,
Kamala Harris,2023-05-31,Disapprove,52.75911294902747,,
Kamala Harris,2023-05-30,Approve,37.82315794584091,,
Kamala Harris,2023-05-30,Disapprove,51.28435101898831,,
Kamala Harris,2023-05-29,Approve,37.82315794584091,,
Kamala Harris,2023-05-29,Disapprove,51.28435101898831,,
Kamala Harris,2023-05-28,Approve,37.82315794584091,,
Kamala Harris,2023-05-28,Disapprove,51.28435101898831,,
Kamala Harris,2023-05-27,Approve,37.82315794584091,,
Kamala Harris,2023-05-27,Disapprove,51.28435101898831,,
Kamala Harris,2023-05-26,Approve,37.82315794584091,,
Kamala Harris,2023-05-26,Disapprove,51.2843510189883,,
Kamala Harris,2023-05-25,Approve,37.82315794584091,,
Kamala Harris,2023-05-25,Disapprove,51.2843510189883,,
Kamala Harris,2023-05-24,Approve,37.82315794584091,,
Kamala Harris,2023-05-24,Disapprove,51.28435101898831,,
Kamala Harris,2023-05-23,Approve,37.82315794584091,,
Kamala Harris,2023-05-23,Disapprove,51.2843510189883,,
Kamala Harris,2023-05-22,Approve,38.6585259435305,,
Kamala Harris,2023-05-22,Disapprove,49.94741249544919,,
Kamala Harris,2023-05-21,Approve,38.6585259435305,,
Kamala Harris,2023-05-21,Disapprove,49.94741249544919,,
Kamala Harris,2023-05-20,Approve,38.6585259435305,,
Kamala Harris,2023-05-20,Disapprove,49.94741249544918,,
Kamala Harris,2023-05-19,Approve,38.65852594353049,,
Kamala Harris,2023-05-19,Disapprove,49.94741249544919,,
Kamala Harris,2023-05-18,Approve,38.6585259435305,,
Kamala Harris,2023-05-18,Disapprove,49.94741249544919,,
Kamala Harris,2023-05-17,Approve,38.6585259435305,,
Kamala Harris,2023-05-17,Disapprove,49.94741249544919,,
Kamala Harris,2023-05-16,Approve,39.43569693388202,,
Kamala Harris,2023-05-16,Disapprove,50.39272091449843,,
Kamala Harris,2023-05-15,Approve,39.43569693388202,,
Kamala Harris,2023-05-15,Disapprove,50.39272091449843,,
Kamala Harris,2023-05-14,Approve,39.43569693388202,,
Kamala Harris,2023-05-14,Disapprove,50.39272091449843,,
Kamala Harris,2023-05-13,Approve,39.43569693388201,,
Kamala Harris,2023-05-13,Disapprove,50.39272091449843,,
Kamala Harris,2023-05-12,Approve,39.43569693388202,,
Kamala Harris,2023-05-12,Disapprove,50.39272091449843,,
Kamala Harris,2023-05-11,Approve,39.43569693388201,,
Kamala Harris,2023-05-11,Disapprove,50.39272091449843,,
Kamala Harris,2023-05-10,Approve,39.43569693388202,,
Kamala Harris,2023-05-10,Disapprove,50.39272091449843,,
Kamala Harris,2023-05-09,Approve,40.69245491045965,,
Kamala Harris,2023-05-09,Disapprove,45.8544854578505,,
Kamala Harris,2023-05-08,Approve,40.69245491045965,,
Kamala Harris,2023-05-08,Disapprove,45.85448545785048,,
Kamala Harris,2023-05-07,Approve,41.58166525979708,,
Kamala Harris,2023-05-07,Disapprove,45.82069365134753,,
Kamala Harris,2023-05-06,Approve,41.58166525979708,,
Kamala Harris,2023-05-06,Disapprove,45.82069365134753,,
Kamala Harris,2023-05-05,Approve,41.58166525979708,,
Kamala Harris,2023-05-05,Disapprove,45.82069365134753,,
Kamala Harris,2023-05-04,Approve,41.58166525979708,,
Kamala Harris,2023-05-04,Disapprove,45.82069365134752,,
Kamala Harris,2023-05-03,Approve,41.58166525979708,,
Kamala Harris,2023-05-03,Disapprove,45.82069365134753,,
Kamala Harris,2023-05-02,Approve,41.58166525979708,,
Kamala Harris,2023-05-02,Disapprove,45.82069365134753,,
Kamala Harris,2023-05-01,Approve,42.12684557951501,,
Kamala Harris,2023-05-01,Disapprove,53.93095135747615,,
Kamala Harris,2023-04-30,Approve,42.12684557951502,,
Kamala Harris,2023-04-30,Disapprove,53.93095135747615,,
Kamala Harris,2023-04-29,Approve,42.12684557951502,,
Kamala Harris,2023-04-29,Disapprove,53.93095135747615,,
Kamala Harris,2023-04-28,Approve,42.12684557951502,,
Kamala Harris,2023-04-28,Disapprove,53.93095135747615,,
Kamala Harris,2023-04-27,Approve,42.12684557951501,,
Kamala Harris,2023-04-27,Disapprove,53.93095135747615,,
Kamala Harris,2023-04-26,Approve,42.59277076327485,,
Kamala Harris,2023-04-26,Disapprove,54.44286337527949,,
Kamala Harris,2023-04-25,Approve,42.73891243433889,,
Kamala Harris,2023-04-25,Disapprove,55.53070397094425,,
Kamala Harris,2023-04-24,Approve,42.73891243433889,,
Kamala Harris,2023-04-24,Disapprove,55.53070397094425,,
Kamala Harris,2023-04-23,Approve,40.03503362704377,,
Kamala Harris,2023-04-23,Disapprove,51.92765032103151,,
Kamala Harris,2023-04-22,Approve,40.03503362704377,,
Kamala Harris,2023-04-22,Disapprove,51.92765032103151,,
Kamala Harris,2023-04-21,Approve,40.03503362704377,,
Kamala Harris,2023-04-21,Disapprove,51.92765032103151,,
Kamala Harris,2023-04-20,Approve,40.03503362704377,,
Kamala Harris,2023-04-20,Disapprove,51.92765032103151,,
Kamala Harris,2023-04-19,Approve,40.03503362704377,,
Kamala Harris,2023-04-19,Disapprove,51.92765032103151,,
Kamala Harris,2023-04-18,Approve,40.03503362704377,,
Kamala Harris,2023-04-18,Disapprove,51.92765032103151,,
Kamala Harris,2023-04-17,Approve,40.03503362704377,,
Kamala Harris,2023-04-17,Disapprove,51.92765032103151,,
Kamala Harris,2023-04-16,Approve,40.03503362704377,,
Kamala Harris,2023-04-16,Disapprove,51.92765032103151,,
Kamala Harris,2023-04-15,Approve,40.03503362704377,,
Kamala Harris,2023-04-15,Disapprove,51.92765032103151,,
Kamala Harris,2023-04-14,Approve,39.31231402564524,,
Kamala Harris,2023-04-14,Disapprove,49.82291867013609,,
Kamala Harris,2023-04-13,Approve,39.31231402564524,,
Kamala Harris,2023-04-13,Disapprove,49.82291867013609,,
Kamala Harris,2023-04-12,Approve,39.31231402564524,,
Kamala Harris,2023-04-12,Disapprove,49.82291867013609,,
Kamala Harris,2023-04-11,Approve,39.31231402564524,,
Kamala Harris,2023-04-11,Disapprove,49.82291867013609,,
Kamala Harris,2023-04-10,Approve,39.31231402564524,,
Kamala Harris,2023-04-10,Disapprove,49.82291867013609,,
Kamala Harris,2023-04-09,Approve,39.31231402564524,,
Kamala Harris,2023-04-09,Disapprove,49.82291867013609,,
Kamala Harris,2023-04-08,Approve,39.31231402564524,,
Kamala Harris,2023-04-08,Disapprove,49.82291867013608,,
Kamala Harris,2023-04-07,Approve,39.31231402564524,,
Kamala Harris,2023-04-07,Disapprove,49.82291867013609,,
Kamala Harris,2023-04-06,Approve,42.60949755983484,,
Kamala Harris,2023-04-06,Disapprove,49.25643893439649,,
Kamala Harris,2023-04-05,Approve,40.66738114478869,,
Kamala Harris,2023-04-05,Disapprove,48.7744625665496,,
Kamala Harris,2023-04-04,Approve,40.66738114478869,,
Kamala Harris,2023-04-04,Disapprove,48.7744625665496,,
Kamala Harris,2023-04-03,Approve,40.66738114478869,,
Kamala Harris,2023-04-03,Disapprove,48.7744625665496,,
Kamala Harris,2023-04-02,Approve,40.66738114478869,,
Kamala Harris,2023-04-02,Disapprove,48.7744625665496,,
Kamala Harris,2023-04-01,Approve,38.92192160211303,,
Kamala Harris,2023-04-01,Disapprove,50.07612837666695,,
Kamala Harris,2023-03-31,Approve,38.92192160211303,,
Kamala Harris,2023-03-31,Disapprove,50.07612837666696,,
Kamala Harris,2023-03-30,Approve,38.92192160211303,,
Kamala Harris,2023-03-30,Disapprove,50.07612837666695,,
Kamala Harris,2023-03-29,Approve,38.92192160211303,,
Kamala Harris,2023-03-29,Disapprove,50.07612837666695,,
Kamala Harris,2023-03-28,Approve,38.92192160211303,,
Kamala Harris,2023-03-28,Disapprove,50.07612837666695,,
Kamala Harris,2023-03-27,Approve,38.92192160211303,,
Kamala Harris,2023-03-27,Disapprove,50.07612837666695,,
Kamala Harris,2023-03-26,Approve,38.92192160211303,,
Kamala Harris,2023-03-26,Disapprove,50.07612837666696,,
Kamala Harris,2023-03-25,Approve,38.92192160211303,,
Kamala Harris,2023-03-25,Disapprove,50.07612837666695,,
Kamala Harris,2023-03-24,Approve,38.16629422947096,,
Kamala Harris,2023-03-24,Disapprove,49.85300043591726,,
Kamala Harris,2023-03-23,Approve,38.16629422947096,,
Kamala Harris,2023-03-23,Disapprove,49.85300043591726,,
Kamala Harris,2023-03-22,Approve,38.16629422947096,,
Kamala Harris,2023-03-22,Disapprove,49.85300043591726,,
Kamala Harris,2023-03-21,Approve,37.78293738432538,,
Kamala Harris,2023-03-21,Disapprove,50.81761099123427,,
Kamala Harris,2023-03-20,Approve,41.5294206906088,,
Kamala Harris,2023-03-20,Disapprove,48.5587839233197,,
Kamala Harris,2023-03-19,Approve,41.5294206906088,,
Kamala Harris,2023-03-19,Disapprove,48.55878392331971,,
Kamala Harris,2023-03-18,Approve,41.5294206906088,,
Kamala Harris,2023-03-18,Disapprove,48.55878392331969,,
Kamala Harris,2023-03-17,Approve,41.77565692990817,,
Kamala Harris,2023-03-17,Disapprove,51.64192730944243,,
Kamala Harris,2023-03-16,Approve,41.77565692990817,,
Kamala Harris,2023-03-16,Disapprove,51.64192730944243,,
Kamala Harris,2023-03-15,Approve,41.77565692990817,,
Kamala Harris,2023-03-15,Disapprove,51.64192730944243,,
Kamala Harris,2023-03-14,Approve,41.77565692990817,,
Kamala Harris,2023-03-14,Disapprove,51.64192730944243,,
Kamala Harris,2023-03-13,Approve,41.77565692990817,,
Kamala Harris,2023-03-13,Disapprove,51.64192730944243,,
Kamala Harris,2023-03-12,Approve,41.77565692990817,,
Kamala Harris,2023-03-12,Disapprove,51.64192730944243,,
Kamala Harris,2023-03-11,Approve,41.88208759382574,,
Kamala Harris,2023-03-11,Disapprove,49.45474554943119,,
Kamala Harris,2023-03-10,Approve,41.88208759382574,,
Kamala Harris,2023-03-10,Disapprove,49.45474554943119,,
Kamala Harris,2023-03-09,Approve,41.76508861690903,,
Kamala Harris,2023-03-09,Disapprove,49.0892187909437,,
Kamala Harris,2023-03-08,Approve,41.76508861690903,,
Kamala Harris,2023-03-08,Disapprove,49.0892187909437,,
Kamala Harris,2023-03-07,Approve,41.76508861690903,,
Kamala Harris,2023-03-07,Disapprove,49.0892187909437,,
Kamala Harris,2023-03-06,Approve,41.76508861690903,,
Kamala Harris,2023-03-06,Disapprove,49.0892187909437,,
Kamala Harris,2023-03-05,Approve,41.76508861690903,,
Kamala Harris,2023-03-05,Disapprove,49.0892187909437,,
Kamala Harris,2023-03-04,Approve,40.3650430252623,,
Kamala Harris,2023-03-04,Disapprove,47.84511211944983,,
Kamala Harris,2023-03-03,Approve,40.365044,,
Kamala Harris,2023-03-03,Disapprove,47.845112,,
Kamala Harris,2023-03-02,Approve,40.365044,,
Kamala Harris,2023-03-02,Disapprove,47.845112,,
Kamala Harris,2023-03-01,Approve,40.365044,,
Kamala Harris,2023-03-01,Disapprove,47.845112,,
Kamala Harris,2023-02-28,Approve,40.365044,,
Kamala Harris,2023-02-28,Disapprove,47.845112,,
Kamala Harris,2023-02-27,Approve,40.365044,,
Kamala Harris,2023-02-27,Disapprove,47.845112,,
Kamala Harris,2023-02-26,Approve,40.365044,,
Kamala Harris,2023-02-26,Disapprove,47.845112,,
Kamala Harris,2023-02-25,Approve,40.365044,,
Kamala Harris,2023-02-25,Disapprove,47.845112,,
Kamala Harris,2023-02-24,Approve,40.36504302526231,,
Kamala Harris,2023-02-24,Disapprove,47.84511211944983,,
Kamala Harris,2023-02-23,Approve,40.56403870792285,,
Kamala Harris,2023-02-23,Disapprove,46.51499476275379,,
Kamala Harris,2023-02-22,Approve,40.55910649650998,,
Kamala Harris,2023-02-22,Disapprove,46.45677287177875,,
Kamala Harris,2023-02-21,Approve,41.46533034360549,,
Kamala Harris,2023-02-21,Disapprove,48.4872819626697,,
Kamala Harris,2023-02-20,Approve,41.46533034360549,,
Kamala Harris,2023-02-20,Disapprove,48.4872819626697,,
Kamala Harris,2023-02-19,Approve,41.4653303436055,,
Kamala Harris,2023-02-19,Disapprove,48.4872819626697,,
Kamala Harris,2023-02-18,Approve,41.46533034360549,,
Kamala Harris,2023-02-18,Disapprove,48.4872819626697,,
Kamala Harris,2023-02-17,Approve,41.46533034360549,,
Kamala Harris,2023-02-17,Disapprove,48.4872819626697,,
Kamala Harris,2023-02-16,Approve,40.49495481840699,,
Kamala Harris,2023-02-16,Disapprove,52.14143564162236,,
Kamala Harris,2023-02-15,Approve,40.49495481840699,,
Kamala Harris,2023-02-15,Disapprove,52.14143564162236,,
Kamala Harris,2023-02-14,Approve,40.49495481840699,,
Kamala Harris,2023-02-14,Disapprove,52.14143564162237,,
Kamala Harris,2023-02-13,Approve,40.49495481840699,,
Kamala Harris,2023-02-13,Disapprove,52.14143564162237,,
Kamala Harris,2023-02-12,Approve,40.49495481840699,,
Kamala Harris,2023-02-12,Disapprove,52.14143564162236,,
Kamala Harris,2023-02-11,Approve,40.49495481840699,,
Kamala Harris,2023-02-11,Disapprove,52.14143564162236,,
Kamala Harris,2023-02-10,Approve,40.49495481840699,,
Kamala Harris,2023-02-10,Disapprove,52.14143564162236,,
Kamala Harris,2023-02-09,Approve,39.0209599819599,,
Kamala Harris,2023-02-09,Disapprove,52.49884256725401,,
Kamala Harris,2023-02-08,Approve,39.0209599819599,,
Kamala Harris,2023-02-08,Disapprove,52.49884256725401,,
Kamala Harris,2023-02-07,Approve,39.0209599819599,,
Kamala Harris,2023-02-07,Disapprove,52.49884256725401,,
Kamala Harris,2023-02-06,Approve,39.0209599819599,,
Kamala Harris,2023-02-06,Disapprove,52.49884256725401,,
Kamala Harris,2023-02-05,Approve,39.0209599819599,,
Kamala Harris,2023-02-05,Disapprove,52.49884256725401,,
Kamala Harris,2023-02-04,Approve,39.0209599819599,,
Kamala Harris,2023-02-04,Disapprove,52.49884256725401,,
Kamala Harris,2023-02-03,Approve,39.0209599819599,,
Kamala Harris,2023-02-03,Disapprove,52.49884256725401,,
Kamala Harris,2023-02-02,Approve,38.29427337879648,,
Kamala Harris,2023-02-02,Disapprove,55.59674887660442,,
Kamala Harris,2023-02-01,Approve,38.29427337879648,,
Kamala Harris,2023-02-01,Disapprove,55.59674887660442,,
Kamala Harris,2023-01-31,Approve,38.4102897912784,,
Kamala Harris,2023-01-31,Disapprove,51.22884987057042,,
Kamala Harris,2023-01-30,Approve,38.4102897912784,,
Kamala Harris,2023-01-30,Disapprove,51.22884987057042,,
Kamala Harris,2023-01-29,Approve,38.4102897912784,,
Kamala Harris,2023-01-29,Disapprove,51.22884987057042,,
Kamala Harris,2023-01-28,Approve,38.4102897912784,,
Kamala Harris,2023-01-28,Disapprove,51.22884987057042,,
Kamala Harris,2023-01-27,Approve,38.4102897912784,,
Kamala Harris,2023-01-27,Disapprove,51.22884987057042,,
Kamala Harris,2023-01-26,Approve,37.74048539741011,,
Kamala Harris,2023-01-26,Disapprove,48.75142684839767,,
Kamala Harris,2023-01-25,Approve,37.74048539741011,,
Kamala Harris,2023-01-25,Disapprove,48.75142684839767,,
Kamala Harris,2023-01-24,Approve,37.74048539741011,,
Kamala Harris,2023-01-24,Disapprove,48.75142684839767,,
Kamala Harris,2023-01-23,Approve,37.74048539741011,,
Kamala Harris,2023-01-23,Disapprove,48.75142684839767,,
Kamala Harris,2023-01-22,Approve,37.74048539741011,,
Kamala Harris,2023-01-22,Disapprove,48.75142684839767,,
Kamala Harris,2023-01-21,Approve,37.74048539741011,,
Kamala Harris,2023-01-21,Disapprove,48.75142684839767,,
Kamala Harris,2023-01-20,Approve,37.74048539741011,,
Kamala Harris,2023-01-20,Disapprove,48.75142684839767,,
Kamala Harris,2023-01-19,Approve,40.38418944314136,,
Kamala Harris,2023-01-19,Disapprove,51.79656852807374,,
Kamala Harris,2023-01-18,Approve,40.38418944314136,,
Kamala Harris,2023-01-18,Disapprove,51.79656852807374,,
Kamala Harris,2023-01-17,Approve,40.38418944314136,,
Kamala Harris,2023-01-17,Disapprove,51.79656852807374,,
Kamala Harris,2023-01-16,Approve,40.73232213027435,,
Kamala Harris,2023-01-16,Disapprove,48.65851494680292,,
Kamala Harris,2023-01-15,Approve,40.73232213027435,,
Kamala Harris,2023-01-15,Disapprove,48.65851494680292,,
Kamala Harris,2023-01-14,Approve,40.73232213027435,,
Kamala Harris,2023-01-14,Disapprove,48.65851494680292,,
Kamala Harris,2023-01-13,Approve,40.73232213027435,,
Kamala Harris,2023-01-13,Disapprove,48.6585149468029,,
Kamala Harris,2023-01-12,Approve,40.73232213027435,,
Kamala Harris,2023-01-12,Disapprove,48.65851494680292,,
Kamala Harris,2023-01-11,Approve,40.73232213027435,,
Kamala Harris,2023-01-11,Disapprove,48.65851494680292,,
Kamala Harris,2023-01-10,Approve,40.73232213027435,,
Kamala Harris,2023-01-10,Disapprove,48.65851494680292,,
Kamala Harris,2023-01-09,Approve,40.73232213027435,,
Kamala Harris,2023-01-09,Disapprove,48.65851494680292,,
Kamala Harris,2023-01-08,Approve,40.73232213027435,,
Kamala Harris,2023-01-08,Disapprove,48.65851494680292,,
Kamala Harris,2023-01-07,Approve,40.73232213027435,,
Kamala Harris,2023-01-07,Disapprove,48.65851494680292,,
Kamala Harris,2023-01-06,Approve,40.73232213027435,,
Kamala Harris,2023-01-06,Disapprove,48.65851494680292,,
Kamala Harris,2023-01-05,Approve,40.73232213027435,,
Kamala Harris,2023-01-05,Disapprove,48.65851494680292,,
Kamala Harris,2023-01-04,Approve,40.73232213027435,,
Kamala Harris,2023-01-04,Disapprove,48.65851494680292,,
Kamala Harris,2023-01-03,Approve,40.73232213027435,,
Kamala Harris,2023-01-03,Disapprove,48.65851494680292,,
Kamala Harris,2023-01-02,Approve,40.73232213027435,,
Kamala Harris,2023-01-02,Disapprove,48.65851494680292,,
Kamala Harris,2023-01-01,Approve,40.73232213027435,,
Kamala Harris,2023-01-01,Disapprove,48.65851494680292,,
Kamala Harris,2022-12-31,Approve,40.73232213027435,,
Kamala Harris,2022-12-31,Disapprove,48.65851494680292,,
Kamala Harris,2022-12-30,Approve,40.73232213027435,,
Kamala Harris,2022-12-30,Disapprove,48.65851494680292,,
Kamala Harris,2022-12-29,Approve,40.73232213027435,,
Kamala Harris,2022-12-29,Disapprove,48.65851494680292,,
Kamala Harris,2022-12-28,Approve,40.73232213027435,,
Kamala Harris,2022-12-28,Disapprove,48.6585149468029,,
Kamala Harris,2022-12-27,Approve,40.73232213027435,,
Kamala Harris,2022-12-27,Disapprove,48.65851494680292,,
Kamala Harris,2022-12-26,Approve,40.73232213027435,,
Kamala Harris,2022-12-26,Disapprove,48.65851494680292,,
Kamala Harris,2022-12-25,Approve,40.73232213027435,,
Kamala Harris,2022-12-25,Disapprove,48.65851494680292,,
Kamala Harris,2022-12-24,Approve,40.73232213027435,,
Kamala Harris,2022-12-24,Disapprove,48.65851494680292,,
Kamala Harris,2022-12-23,Approve,40.73232213027435,,
Kamala Harris,2022-12-23,Disapprove,48.65851494680292,,
Kamala Harris,2022-12-22,Approve,40.73232213027435,,
Kamala Harris,2022-12-22,Disapprove,48.65851494680292,,
Kamala Harris,2022-12-21,Approve,40.73232213027435,,
Kamala Harris,2022-12-21,Disapprove,48.65851494680292,,
Kamala Harris,2022-12-20,Approve,40.73232213027435,,
Kamala Harris,2022-12-20,Disapprove,48.65851494680292,,
Kamala Harris,2022-12-19,Approve,40.73232213027435,,
Kamala Harris,2022-12-19,Disapprove,48.65851494680292,,
Kamala Harris,2022-12-18,Approve,40.73232213027435,,
Kamala Harris,2022-12-18,Disapprove,48.65851494680292,,
Kamala Harris,2022-12-17,Approve,40.73232213027435,,
Kamala Harris,2022-12-17,Disapprove,48.65851494680292,,
Kamala Harris,2022-12-16,Approve,40.73232213027435,,
Kamala Harris,2022-12-16,Disapprove,48.65851494680292,,
Kamala Harris,2022-12-15,Approve,40.73232213027435,,
Kamala Harris,2022-12-15,Disapprove,48.65851494680292,,
Kamala Harris,2022-12-14,Approve,40.73232213027435,,
Kamala Harris,2022-12-14,Disapprove,48.65851494680292,,
Kamala Harris,2022-12-13,Approve,40.73232213027435,,
Kamala Harris,2022-12-13,Disapprove,48.65851494680292,,
Kamala Harris,2022-12-12,Approve,40.73232213027435,,
Kamala Harris,2022-12-12,Disapprove,48.65851494680292,,
Kamala Harris,2022-12-11,Approve,40.73232213027435,,
Kamala Harris,2022-12-11,Disapprove,48.65851494680292,,
Kamala Harris,2022-12-10,Approve,40.73232213027435,,
Kamala Harris,2022-12-10,Disapprove,48.65851494680292,,
Kamala Harris,2022-12-09,Approve,40.73232213027435,,
Kamala Harris,2022-12-09,Disapprove,48.65851494680291,,
Kamala Harris,2022-12-08,Approve,40.73232213027435,,
Kamala Harris,2022-12-08,Disapprove,48.65851494680292,,
Kamala Harris,2022-12-07,Approve,40.73232213027435,,
Kamala Harris,2022-12-07,Disapprove,48.65851494680292,,
Kamala Harris,2022-12-06,Approve,41.80649494955544,,
Kamala Harris,2022-12-06,Disapprove,46.11639076562412,,
Kamala Harris,2022-12-05,Approve,39.48037049908337,,
Kamala Harris,2022-12-05,Disapprove,50.69103752381389,,
Kamala Harris,2022-12-04,Approve,39.48037049908337,,
Kamala Harris,2022-12-04,Disapprove,50.69103752381388,,
Kamala Harris,2022-12-03,Approve,39.48037049908337,,
Kamala Harris,2022-12-03,Disapprove,50.69103752381389,,
Kamala Harris,2022-12-02,Approve,39.48037049908337,,
Kamala Harris,2022-12-02,Disapprove,50.69103752381389,,
Kamala Harris,2022-12-01,Approve,39.48037049908337,,
Kamala Harris,2022-12-01,Disapprove,50.69103752381389,,
Kamala Harris,2022-11-30,Approve,39.48037049908337,,
Kamala Harris,2022-11-30,Disapprove,50.69103752381388,,
Kamala Harris,2022-11-29,Approve,39.48037049908336,,
Kamala Harris,2022-11-29,Disapprove,50.69103752381388,,
Kamala Harris,2022-11-28,Approve,39.48037049908337,,
Kamala Harris,2022-11-28,Disapprove,50.69103752381389,,
Kamala Harris,2022-11-27,Approve,39.48037049908337,,
Kamala Harris,2022-11-27,Disapprove,50.69103752381388,,
Kamala Harris,2022-11-26,Approve,39.48037049908337,,
Kamala Harris,2022-11-26,Disapprove,50.6910375238139,,
Kamala Harris,2022-11-25,Approve,39.48037049908337,,
Kamala Harris,2022-11-25,Disapprove,50.69103752381389,,
Kamala Harris,2022-11-24,Approve,39.48037049908337,,
Kamala Harris,2022-11-24,Disapprove,50.69103752381388,,
Kamala Harris,2022-11-23,Approve,39.48037049908337,,
Kamala Harris,2022-11-23,Disapprove,50.69103752381389,,
Kamala Harris,2022-11-22,Approve,39.48037049908337,,
Kamala Harris,2022-11-22,Disapprove,50.69103752381388,,
Kamala Harris,2022-11-21,Approve,39.48037049908337,,
Kamala Harris,2022-11-21,Disapprove,50.69103752381389,,
Kamala Harris,2022-11-20,Approve,39.48037049908337,,
Kamala Harris,2022-11-20,Disapprove,50.69103752381389,,
Kamala Harris,2022-11-19,Approve,39.48037049908337,,
Kamala Harris,2022-11-19,Disapprove,50.69103752381389,,
Kamala Harris,2022-11-18,Approve,39.48037049908336,,
Kamala Harris,2022-11-18,Disapprove,50.69103752381388,,
Kamala Harris,2022-11-17,Approve,40.05603126990952,,
Kamala Harris,2022-11-17,Disapprove,53.22289361279456,,
Kamala Harris,2022-11-16,Approve,40.05603126990952,,
Kamala Harris,2022-11-16,Disapprove,53.22289361279456,,
Kamala Harris,2022-11-15,Approve,40.05603126990952,,
Kamala Harris,2022-11-15,Disapprove,53.22289361279456,,
Kamala Harris,2022-11-14,Approve,39.48938967527393,,
Kamala Harris,2022-11-14,Disapprove,52.03765220381251,,
Kamala Harris,2022-11-13,Approve,39.48938967527393,,
Kamala Harris,2022-11-13,Disapprove,52.03765220381251,,
Kamala Harris,2022-11-12,Approve,39.48938967527393,,
Kamala Harris,2022-11-12,Disapprove,52.03765220381249,,
Kamala Harris,2022-11-11,Approve,39.48938967527393,,
Kamala Harris,2022-11-11,Disapprove,52.03765220381251,,
Kamala Harris,2022-11-10,Approve,39.48938967527393,,
Kamala Harris,2022-11-10,Disapprove,52.03765220381251,,
Kamala Harris,2022-11-09,Approve,39.48938967527393,,
Kamala Harris,2022-11-09,Disapprove,52.03765220381249,,
Kamala Harris,2022-11-08,Approve,39.48938967527393,,
Kamala Harris,2022-11-08,Disapprove,52.03765220381249,,
Kamala Harris,2022-11-07,Approve,39.48938967527393,,
Kamala Harris,2022-11-07,Disapprove,52.03765220381249,,
Kamala Harris,2022-11-06,Approve,39.48938967527393,,
Kamala Harris,2022-11-06,Disapprove,52.03765220381249,,
Kamala Harris,2022-11-05,Approve,39.48938967527393,,
Kamala Harris,2022-11-05,Disapprove,52.03765220381249,,
Kamala Harris,2022-11-04,Approve,39.48938967527393,,
Kamala Harris,2022-11-04,Disapprove,52.03765220381249,,
Kamala Harris,2022-11-03,Approve,38.43300289365113,,
Kamala Harris,2022-11-03,Disapprove,50.54228758776755,,
Kamala Harris,2022-11-02,Approve,38.43300289365113,,
Kamala Harris,2022-11-02,Disapprove,50.54228758776755,,
Kamala Harris,2022-11-01,Approve,38.43300289365113,,
Kamala Harris,2022-11-01,Disapprove,50.54228758776755,,
Kamala Harris,2022-10-31,Approve,38.43300289365113,,
Kamala Harris,2022-10-31,Disapprove,50.54228758776755,,
Kamala Harris,2022-10-30,Approve,38.43300289365113,,
Kamala Harris,2022-10-30,Disapprove,50.54228758776755,,
Kamala Harris,2022-10-29,Approve,38.43300289365113,,
Kamala Harris,2022-10-29,Disapprove,50.54228758776757,,
Kamala Harris,2022-10-28,Approve,38.43300289365113,,
Kamala Harris,2022-10-28,Disapprove,50.54228758776755,,
Kamala Harris,2022-10-27,Approve,38.43300289365113,,
Kamala Harris,2022-10-27,Disapprove,50.54228758776757,,
Kamala Harris,2022-10-26,Approve,38.43300289365113,,
Kamala Harris,2022-10-26,Disapprove,50.54228758776755,,
Kamala Harris,2022-10-25,Approve,38.43300289365113,,
Kamala Harris,2022-10-25,Disapprove,50.54228758776755,,
Kamala Harris,2022-10-24,Approve,38.43300289365113,,
Kamala Harris,2022-10-24,Disapprove,50.54228758776757,,
Kamala Harris,2022-10-23,Approve,38.43300289365113,,
Kamala Harris,2022-10-23,Disapprove,50.54228758776755,,
Kamala Harris,2022-10-22,Approve,38.43300289365113,,
Kamala Harris,2022-10-22,Disapprove,50.54228758776755,,
Kamala Harris,2022-10-21,Approve,38.43300289365113,,
Kamala Harris,2022-10-21,Disapprove,50.54228758776755,,
Kamala Harris,2022-10-20,Approve,38.43300289365113,,
Kamala Harris,2022-10-20,Disapprove,50.54228758776755,,
Kamala Harris,2022-10-19,Approve,38.43300289365113,,
Kamala Harris,2022-10-19,Disapprove,50.54228758776755,,
Kamala Harris,2022-10-18,Approve,38.43300289365113,,
Kamala Harris,2022-10-18,Disapprove,50.54228758776755,,
Kamala Harris,2022-10-17,Approve,38.43300289365113,,
Kamala Harris,2022-10-17,Disapprove,50.54228758776755,,
Kamala Harris,2022-10-16,Approve,38.43300289365113,,
Kamala Harris,2022-10-16,Disapprove,50.54228758776755,,
Kamala Harris,2022-10-15,Approve,38.4330028936511,,
Kamala Harris,2022-10-15,Disapprove,50.54228758776755,,
Kamala Harris,2022-10-14,Approve,38.43300289365113,,
Kamala Harris,2022-10-14,Disapprove,50.54228758776755,,
Kamala Harris,2022-10-13,Approve,37.57420844365824,,
Kamala Harris,2022-10-13,Disapprove,52.42927888625519,,
Kamala Harris,2022-10-12,Approve,37.57420844365824,,
Kamala Harris,2022-10-12,Disapprove,52.42927888625519,,
Kamala Harris,2022-10-11,Approve,37.57420844365824,,
Kamala Harris,2022-10-11,Disapprove,52.42927888625519,,
Kamala Harris,2022-10-10,Approve,37.57420844365824,,
Kamala Harris,2022-10-10,Disapprove,52.42927888625519,,
Kamala Harris,2022-10-09,Approve,37.57420844365824,,
Kamala Harris,2022-10-09,Disapprove,52.42927888625518,,
Kamala Harris,2022-10-08,Approve,37.57420844365824,,
Kamala Harris,2022-10-08,Disapprove,52.42927888625519,,
Kamala Harris,2022-10-07,Approve,37.57420844365824,,
Kamala Harris,2022-10-07,Disapprove,52.42927888625519,,
Kamala Harris,2022-10-06,Approve,37.70295160656489,,
Kamala Harris,2022-10-06,Disapprove,50.10749509459145,,
Kamala Harris,2022-10-05,Approve,37.70295160656489,,
Kamala Harris,2022-10-05,Disapprove,50.10749509459146,,
Kamala Harris,2022-10-04,Approve,38.91832281524177,,
Kamala Harris,2022-10-04,Disapprove,50.36209360749329,,
Kamala Harris,2022-10-03,Approve,38.91832281524177,,
Kamala Harris,2022-10-03,Disapprove,50.36209360749329,,
Kamala Harris,2022-10-02,Approve,38.91832281524177,,
Kamala Harris,2022-10-02,Disapprove,50.36209360749329,,
Kamala Harris,2022-10-01,Approve,38.91832281524177,,
Kamala Harris,2022-10-01,Disapprove,50.36209360749329,,
Kamala Harris,2022-09-30,Approve,38.91832281524177,,
Kamala Harris,2022-09-30,Disapprove,50.36209360749329,,
Kamala Harris,2022-09-29,Approve,38.91832281524177,,
Kamala Harris,2022-09-29,Disapprove,50.36209360749329,,
Kamala Harris,2022-09-28,Approve,38.91832281524177,,
Kamala Harris,2022-09-28,Disapprove,50.36209360749329,,
Kamala Harris,2022-09-27,Approve,38.91832281524177,,
Kamala Harris,2022-09-27,Disapprove,50.36209360749329,,
Kamala Harris,2022-09-26,Approve,38.91832281524177,,
Kamala Harris,2022-09-26,Disapprove,50.36209360749329,,
Kamala Harris,2022-09-25,Approve,37.5254725328201,,
Kamala Harris,2022-09-25,Disapprove,48.68819625261735,,
Kamala Harris,2022-09-24,Approve,37.5254725328201,,
Kamala Harris,2022-09-24,Disapprove,48.68819625261735,,
Kamala Harris,2022-09-23,Approve,37.5254725328201,,
Kamala Harris,2022-09-23,Disapprove,48.68819625261735,,
Kamala Harris,2022-09-22,Approve,37.5254725328201,,
Kamala Harris,2022-09-22,Disapprove,48.68819625261735,,
Kamala Harris,2022-09-21,Approve,37.5254725328201,,
Kamala Harris,2022-09-21,Disapprove,48.68819625261735,,
Kamala Harris,2022-09-20,Approve,37.5254725328201,,
Kamala Harris,2022-09-20,Disapprove,48.68819625261735,,
Kamala Harris,2022-09-19,Approve,37.5254725328201,,
Kamala Harris,2022-09-19,Disapprove,48.68819625261735,,
Kamala Harris,2022-09-18,Approve,37.5254725328201,,
Kamala Harris,2022-09-18,Disapprove,48.68819625261735,,
Kamala Harris,2022-09-17,Approve,37.5254725328201,,
Kamala Harris,2022-09-17,Disapprove,48.68819625261735,,
Kamala Harris,2022-09-16,Approve,37.5254725328201,,
Kamala Harris,2022-09-16,Disapprove,48.68819625261735,,
Kamala Harris,2022-09-15,Approve,38.39922087097125,,
Kamala Harris,2022-09-15,Disapprove,53.72796236315239,,
Kamala Harris,2022-09-14,Approve,38.39922087097125,,
Kamala Harris,2022-09-14,Disapprove,53.72796236315239,,
Kamala Harris,2022-09-13,Approve,38.39922087097125,,
Kamala Harris,2022-09-13,Disapprove,53.72796236315239,,
Kamala Harris,2022-09-12,Approve,38.39922087097125,,
Kamala Harris,2022-09-12,Disapprove,53.72796236315239,,
Kamala Harris,2022-09-11,Approve,38.39922087097125,,
Kamala Harris,2022-09-11,Disapprove,53.72796236315239,,
Kamala Harris,2022-09-10,Approve,38.39922087097125,,
Kamala Harris,2022-09-10,Disapprove,53.72796236315239,,
Kamala Harris,2022-09-09,Approve,38.39922087097125,,
Kamala Harris,2022-09-09,Disapprove,53.72796236315239,,
Kamala Harris,2022-09-08,Approve,38.39922087097125,,
Kamala Harris,2022-09-08,Disapprove,53.72796236315239,,
Kamala Harris,2022-09-07,Approve,38.39922087097125,,
Kamala Harris,2022-09-07,Disapprove,53.72796236315239,,
Kamala Harris,2022-09-06,Approve,36.59787152639426,,
Kamala Harris,2022-09-06,Disapprove,50.4427009844128,,
Kamala Harris,2022-09-05,Approve,36.59787152639426,,
Kamala Harris,2022-09-05,Disapprove,50.4427009844128,,
Kamala Harris,2022-09-04,Approve,36.59787152639426,,
Kamala Harris,2022-09-04,Disapprove,50.4427009844128,,
Kamala Harris,2022-09-03,Approve,36.59787152639426,,
Kamala Harris,2022-09-03,Disapprove,50.4427009844128,,
Kamala Harris,2022-09-02,Approve,36.59787152639426,,
Kamala Harris,2022-09-02,Disapprove,50.4427009844128,,
Kamala Harris,2022-09-01,Approve,37.66199410291835,,
Kamala Harris,2022-09-01,Disapprove,50.29852965252849,,
Kamala Harris,2022-08-31,Approve,37.66199410291835,,
Kamala Harris,2022-08-31,Disapprove,50.29852965252849,,
Kamala Harris,2022-08-30,Approve,37.66199410291835,,
Kamala Harris,2022-08-30,Disapprove,50.29852965252849,,
Kamala Harris,2022-08-29,Approve,37.66199410291835,,
Kamala Harris,2022-08-29,Disapprove,50.29852965252849,,
Kamala Harris,2022-08-28,Approve,37.66199410291835,,
Kamala Harris,2022-08-28,Disapprove,50.29852965252849,,
Kamala Harris,2022-08-27,Approve,37.66199410291835,,
Kamala Harris,2022-08-27,Disapprove,50.29852965252849,,
Kamala Harris,2022-08-26,Approve,37.66199410291835,,
Kamala Harris,2022-08-26,Disapprove,50.29852965252849,,
Kamala Harris,2022-08-25,Approve,37.66199410291835,,
Kamala Harris,2022-08-25,Disapprove,50.29852965252849,,
Kamala Harris,2022-08-24,Approve,37.66199410291835,,
Kamala Harris,2022-08-24,Disapprove,50.29852965252849,,
Kamala Harris,2022-08-23,Approve,37.66199410291835,,
Kamala Harris,2022-08-23,Disapprove,50.29852965252849,,
Kamala Harris,2022-08-22,Approve,37.17663483523683,,
Kamala Harris,2022-08-22,Disapprove,50.35077288378711,,
Kamala Harris,2022-08-21,Approve,37.17663483523683,,
Kamala Harris,2022-08-21,Disapprove,50.3507728837871,,
Kamala Harris,2022-08-20,Approve,37.17663483523683,,
Kamala Harris,2022-08-20,Disapprove,50.3507728837871,,
Kamala Harris,2022-08-19,Approve,37.17663483523683,,
Kamala Harris,2022-08-19,Disapprove,50.3507728837871,,
Kamala Harris,2022-08-18,Approve,37.60296083979125,,
Kamala Harris,2022-08-18,Disapprove,53.1695014907585,,
Kamala Harris,2022-08-17,Approve,37.60296083979125,,
Kamala Harris,2022-08-17,Disapprove,53.1695014907585,,
Kamala Harris,2022-08-16,Approve,37.60296083979125,,
Kamala Harris,2022-08-16,Disapprove,53.1695014907585,,
Kamala Harris,2022-08-15,Approve,37.60296083979125,,
Kamala Harris,2022-08-15,Disapprove,53.1695014907585,,
Kamala Harris,2022-08-14,Approve,37.60296083979125,,
Kamala Harris,2022-08-14,Disapprove,53.16950149075851,,
Kamala Harris,2022-08-13,Approve,37.60296083979125,,
Kamala Harris,2022-08-13,Disapprove,53.1695014907585,,
Kamala Harris,2022-08-12,Approve,37.60296083979125,,
Kamala Harris,2022-08-12,Disapprove,53.1695014907585,,
Kamala Harris,2022-08-11,Approve,36.28407181798431,,
Kamala Harris,2022-08-11,Disapprove,48.64732123953519,,
Kamala Harris,2022-08-10,Approve,36.28407181798431,,
Kamala Harris,2022-08-10,Disapprove,48.64732123953519,,
Kamala Harris,2022-08-09,Approve,36.28407181798431,,
Kamala Harris,2022-08-09,Disapprove,48.64732123953519,,
Kamala Harris,2022-08-08,Approve,36.28407181798431,,
Kamala Harris,2022-08-08,Disapprove,48.64732123953519,,
Kamala Harris,2022-08-07,Approve,36.28407181798431,,
Kamala Harris,2022-08-07,Disapprove,48.64732123953519,,
Kamala Harris,2022-08-06,Approve,36.28407181798431,,
Kamala Harris,2022-08-06,Disapprove,48.64732123953519,,
Kamala Harris,2022-08-05,Approve,36.28407181798431,,
Kamala Harris,2022-08-05,Disapprove,48.64732123953519,,
Kamala Harris,2022-08-04,Approve,36.28407181798431,,
Kamala Harris,2022-08-04,Disapprove,48.64732123953519,,
Kamala Harris,2022-08-03,Approve,36.28407181798431,,
Kamala Harris,2022-08-03,Disapprove,48.64732123953519,,
Kamala Harris,2022-08-02,Approve,36.28407181798431,,
Kamala Harris,2022-08-02,Disapprove,48.64732123953519,,
Kamala Harris,2022-08-01,Approve,38.860485,,
Kamala Harris,2022-08-01,Disapprove,55.218002,,
Kamala Harris,2022-07-31,Approve,38.860485,,
Kamala Harris,2022-07-31,Disapprove,55.218002,,
Kamala Harris,2022-07-30,Approve,38.860485,,
Kamala Harris,2022-07-30,Disapprove,55.218002,,
Kamala Harris,2022-07-29,Approve,38.860485,,
Kamala Harris,2022-07-29,Disapprove,55.218002,,
Kamala Harris,2022-07-28,Approve,38.86048420131335,,
Kamala Harris,2022-07-28,Disapprove,55.21800402457342,,
Kamala Harris,2022-07-27,Approve,37.67940278810668,,
Kamala Harris,2022-07-27,Disapprove,55.34592841740203,,
Kamala Harris,2022-07-26,Approve,37.67940278810668,,
Kamala Harris,2022-07-26,Disapprove,55.34592841740201,,
Kamala Harris,2022-07-25,Approve,37.67940278810668,,
Kamala Harris,2022-07-25,Disapprove,55.34592841740203,,
Kamala Harris,2022-07-24,Approve,37.67940278810668,,
Kamala Harris,2022-07-24,Disapprove,55.34592841740203,,
Kamala Harris,2022-07-23,Approve,37.67940278810668,,
Kamala Harris,2022-07-23,Disapprove,55.34592841740201,,
Kamala Harris,2022-07-22,Approve,37.67940278810668,,
Kamala Harris,2022-07-22,Disapprove,55.34592841740201,,
Kamala Harris,2022-07-21,Approve,37.67940278810668,,
Kamala Harris,2022-07-21,Disapprove,55.34592841740201,,
Kamala Harris,2022-07-20,Approve,37.67940278810668,,
Kamala Harris,2022-07-20,Disapprove,55.34592841740203,,
Kamala Harris,2022-07-19,Approve,37.67940278810668,,
Kamala Harris,2022-07-19,Disapprove,55.34592841740203,,
Kamala Harris,2022-07-18,Approve,37.67940278810668,,
Kamala Harris,2022-07-18,Disapprove,55.34592841740201,,
Kamala Harris,2022-07-17,Approve,37.67940278810668,,
Kamala Harris,2022-07-17,Disapprove,55.34592841740203,,
Kamala Harris,2022-07-16,Approve,37.09008501465897,,
Kamala Harris,2022-07-16,Disapprove,52.13786204012791,,
Kamala Harris,2022-07-15,Approve,37.09008501465897,,
Kamala Harris,2022-07-15,Disapprove,52.13786204012791,,
Kamala Harris,2022-07-14,Approve,38.3042806113719,,
Kamala Harris,2022-07-14,Disapprove,54.91396210420166,,
Kamala Harris,2022-07-13,Approve,37.89705278381609,,
Kamala Harris,2022-07-13,Disapprove,52.56189436578723,,
Kamala Harris,2022-07-12,Approve,37.89705278381609,,
Kamala Harris,2022-07-12,Disapprove,52.56189436578723,,
Kamala Harris,2022-07-11,Approve,37.89705278381609,,
Kamala Harris,2022-07-11,Disapprove,52.56189436578723,,
Kamala Harris,2022-07-10,Approve,37.89705278381609,,
Kamala Harris,2022-07-10,Disapprove,52.56189436578723,,
Kamala Harris,2022-07-09,Approve,37.89705278381609,,
Kamala Harris,2022-07-09,Disapprove,52.56189436578723,,
Kamala Harris,2022-07-08,Approve,37.89705278381609,,
Kamala Harris,2022-07-08,Disapprove,52.56189436578723,,
Kamala Harris,2022-07-07,Approve,37.89705278381609,,
Kamala Harris,2022-07-07,Disapprove,52.56189436578723,,
Kamala Harris,2022-07-06,Approve,37.89705278381609,,
Kamala Harris,2022-07-06,Disapprove,52.56189436578723,,
Kamala Harris,2022-07-05,Approve,37.89705278381609,,
Kamala Harris,2022-07-05,Disapprove,52.56189436578723,,
Kamala Harris,2022-07-04,Approve,35.53926040378941,,
Kamala Harris,2022-07-04,Disapprove,48.67555779435943,,
Kamala Harris,2022-07-03,Approve,35.53926040378941,,
Kamala Harris,2022-07-03,Disapprove,48.67555779435943,,
Kamala Harris,2022-07-02,Approve,35.53926040378941,,
Kamala Harris,2022-07-02,Disapprove,48.67555779435943,,
Kamala Harris,2022-07-01,Approve,35.53926040378941,,
Kamala Harris,2022-07-01,Disapprove,48.67555779435943,,
Kamala Harris,2022-06-30,Approve,35.53926040378941,,
Kamala Harris,2022-06-30,Disapprove,48.67555779435943,,
Kamala Harris,2022-06-29,Approve,35.53926040378941,,
Kamala Harris,2022-06-29,Disapprove,48.67555779435943,,
Kamala Harris,2022-06-28,Approve,35.53926040378941,,
Kamala Harris,2022-06-28,Disapprove,48.67555779435943,,
Kamala Harris,2022-06-27,Approve,35.53926040378941,,
Kamala Harris,2022-06-27,Disapprove,48.67555779435943,,
Kamala Harris,2022-06-26,Approve,35.53926040378941,,
Kamala Harris,2022-06-26,Disapprove,48.67555779435943,,
Kamala Harris,2022-06-25,Approve,35.53926040378941,,
Kamala Harris,2022-06-25,Disapprove,48.67555779435943,,
Kamala Harris,2022-06-24,Approve,35.53926040378941,,
Kamala Harris,2022-06-24,Disapprove,48.67555779435943,,
Kamala Harris,2022-06-23,Approve,35.53926040378941,,
Kamala Harris,2022-06-23,Disapprove,48.67555779435943,,
Kamala Harris,2022-06-22,Approve,35.53926040378941,,
Kamala Harris,2022-06-22,Disapprove,48.67555779435943,,
Kamala Harris,2022-06-21,Approve,35.53926040378941,,
Kamala Harris,2022-06-21,Disapprove,48.67555779435943,,
Kamala Harris,2022-06-20,Approve,35.53926040378941,,
Kamala Harris,2022-06-20,Disapprove,48.67555779435943,,
Kamala Harris,2022-06-19,Approve,35.53926040378941,,
Kamala Harris,2022-06-19,Disapprove,48.67555779435943,,
Kamala Harris,2022-06-18,Approve,35.53926040378941,,
Kamala Harris,2022-06-18,Disapprove,48.67555779435943,,
Kamala Harris,2022-06-17,Approve,35.53926040378941,,
Kamala Harris,2022-06-17,Disapprove,48.67555779435943,,
Kamala Harris,2022-06-16,Approve,38.84669013969185,,
Kamala Harris,2022-06-16,Disapprove,53.92952920484682,,
Kamala Harris,2022-06-15,Approve,38.84669013969185,,
Kamala Harris,2022-06-15,Disapprove,53.92952920484682,,
Kamala Harris,2022-06-14,Approve,39.12847683454049,,
Kamala Harris,2022-06-14,Disapprove,50.61497206828589,,
Kamala Harris,2022-06-13,Approve,39.12847683454049,,
Kamala Harris,2022-06-13,Disapprove,50.61497206828589,,
Kamala Harris,2022-06-12,Approve,39.12847683454049,,
Kamala Harris,2022-06-12,Disapprove,50.61497206828589,,
Kamala Harris,2022-06-11,Approve,39.12847683454049,,
Kamala Harris,2022-06-11,Disapprove,50.61497206828589,,
Kamala Harris,2022-06-10,Approve,39.12847683454049,,
Kamala Harris,2022-06-10,Disapprove,50.61497206828589,,
Kamala Harris,2022-06-09,Approve,39.12847683454049,,
Kamala Harris,2022-06-09,Disapprove,50.61497206828589,,
Kamala Harris,2022-06-08,Approve,39.12847683454049,,
Kamala Harris,2022-06-08,Disapprove,50.61497206828589,,
Kamala Harris,2022-06-07,Approve,39.12847683454049,,
Kamala Harris,2022-06-07,Disapprove,50.61497206828589,,
Kamala Harris,2022-06-06,Approve,39.12847683454049,,
Kamala Harris,2022-06-06,Disapprove,50.61497206828589,,
Kamala Harris,2022-06-05,Approve,39.12847683454049,,
Kamala Harris,2022-06-05,Disapprove,50.61497206828589,,
Kamala Harris,2022-06-04,Approve,39.12847683454049,,
Kamala Harris,2022-06-04,Disapprove,50.61497206828589,,
Kamala Harris,2022-06-03,Approve,39.12847683454049,,
Kamala Harris,2022-06-03,Disapprove,50.61497206828589,,
Kamala Harris,2022-06-02,Approve,39.44242258243517,,
Kamala Harris,2022-06-02,Disapprove,51.83525891763221,,
Kamala Harris,2022-06-01,Approve,39.44242258243517,,
Kamala Harris,2022-06-01,Disapprove,51.83525891763221,,
Kamala Harris,2022-05-31,Approve,39.44242258243517,,
Kamala Harris,2022-05-31,Disapprove,51.83525891763221,,
Kamala Harris,2022-05-30,Approve,39.44242258243518,,
Kamala Harris,2022-05-30,Disapprove,51.83525891763221,,
Kamala Harris,2022-05-29,Approve,39.44242258243518,,
Kamala Harris,2022-05-29,Disapprove,51.83525891763221,,
Kamala Harris,2022-05-28,Approve,39.44242258243518,,
Kamala Harris,2022-05-28,Disapprove,51.83525891763221,,
Kamala Harris,2022-05-27,Approve,39.44242258243518,,
Kamala Harris,2022-05-27,Disapprove,51.83525891763221,,
Kamala Harris,2022-05-26,Approve,39.44242258243517,,
Kamala Harris,2022-05-26,Disapprove,51.83525891763221,,
Kamala Harris,2022-05-25,Approve,39.44242258243517,,
Kamala Harris,2022-05-25,Disapprove,51.83525891763221,,
Kamala Harris,2022-05-24,Approve,39.44242258243517,,
Kamala Harris,2022-05-24,Disapprove,51.83525891763221,,
Kamala Harris,2022-05-23,Approve,39.44242258243518,,
Kamala Harris,2022-05-23,Disapprove,51.83525891763221,,
Kamala Harris,2022-05-22,Approve,39.44242258243518,,
Kamala Harris,2022-05-22,Disapprove,51.83525891763221,,
Kamala Harris,2022-05-21,Approve,39.44242258243517,,
Kamala Harris,2022-05-21,Disapprove,51.83525891763221,,
Kamala Harris,2022-05-20,Approve,39.44242258243517,,
Kamala Harris,2022-05-20,Disapprove,51.83525891763221,,
Kamala Harris,2022-05-19,Approve,39.93806849931589,,
Kamala Harris,2022-05-19,Disapprove,53.66725624912146,,
Kamala Harris,2022-05-18,Approve,39.93806849931589,,
Kamala Harris,2022-05-18,Disapprove,53.66725624912146,,
Kamala Harris,2022-05-17,Approve,39.93806849931589,,
Kamala Harris,2022-05-17,Disapprove,53.66725624912146,,
Kamala Harris,2022-05-16,Approve,39.37006499017371,,
Kamala Harris,2022-05-16,Disapprove,51.00159583994026,,
Kamala Harris,2022-05-15,Approve,39.37006499017371,,
Kamala Harris,2022-05-15,Disapprove,51.00159583994026,,
Kamala Harris,2022-05-14,Approve,39.3700649901737,,
Kamala Harris,2022-05-14,Disapprove,51.00159583994026,,
Kamala Harris,2022-05-13,Approve,39.3700649901737,,
Kamala Harris,2022-05-13,Disapprove,51.00159583994026,,
Kamala Harris,2022-05-12,Approve,39.37006499017371,,
Kamala Harris,2022-05-12,Disapprove,51.00159583994026,,
Kamala Harris,2022-05-11,Approve,39.3700649901737,,
Kamala Harris,2022-05-11,Disapprove,51.00159583994026,,
Kamala Harris,2022-05-10,Approve,39.37006499017371,,
Kamala Harris,2022-05-10,Disapprove,51.00159583994026,,
Kamala Harris,2022-05-09,Approve,39.3700649901737,,
Kamala Harris,2022-05-09,Disapprove,51.00159583994026,,
Kamala Harris,2022-05-08,Approve,39.3700649901737,,
Kamala Harris,2022-05-08,Disapprove,51.00159583994026,,
Kamala Harris,2022-05-07,Approve,39.37006499017371,,
Kamala Harris,2022-05-07,Disapprove,51.00159583994026,,
Kamala Harris,2022-05-06,Approve,39.37006499017371,,
Kamala Harris,2022-05-06,Disapprove,51.00159583994025,,
Kamala Harris,2022-05-05,Approve,39.3700649901737,,
Kamala Harris,2022-05-05,Disapprove,51.00159583994026,,
Kamala Harris,2022-05-04,Approve,40.00270927413021,,
Kamala Harris,2022-05-04,Disapprove,53.50597247024745,,
Kamala Harris,2022-05-03,Approve,40.00270927413021,,
Kamala Harris,2022-05-03,Disapprove,53.50597247024746,,
Kamala Harris,2022-05-02,Approve,37.49426388925558,,
Kamala Harris,2022-05-02,Disapprove,56.20595990706976,,
Kamala Harris,2022-05-01,Approve,32.13666319487857,,
Kamala Harris,2022-05-01,Disapprove,58.09720753145297,,
Kamala Harris,2022-04-30,Approve,32.13666319487857,,
Kamala Harris,2022-04-30,Disapprove,58.09720753145297,,
Kamala Harris,2022-04-29,Approve,32.13666319487857,,
Kamala Harris,2022-04-29,Disapprove,58.09720753145297,,
Kamala Harris,2022-04-28,Approve,32.13666319487857,,
Kamala Harris,2022-04-28,Disapprove,58.09720753145297,,
Kamala Harris,2022-04-27,Approve,32.13666319487857,,
Kamala Harris,2022-04-27,Disapprove,58.09720753145297,,
Kamala Harris,2022-04-26,Approve,32.13666319487857,,
Kamala Harris,2022-04-26,Disapprove,58.09720753145297,,
Kamala Harris,2022-04-25,Approve,32.13666319487857,,
Kamala Harris,2022-04-25,Disapprove,58.09720753145297,,
Kamala Harris,2022-04-24,Approve,32.13666319487857,,
Kamala Harris,2022-04-24,Disapprove,58.09720753145297,,
Kamala Harris,2022-04-23,Approve,32.13666319487857,,
Kamala Harris,2022-04-23,Disapprove,58.09720753145297,,
Kamala Harris,2022-04-22,Approve,32.13666319487857,,
Kamala Harris,2022-04-22,Disapprove,58.09720753145297,,
Kamala Harris,2022-04-21,Approve,32.13666319487857,,
Kamala Harris,2022-04-21,Disapprove,58.09720753145297,,
Kamala Harris,2022-04-20,Approve,39.81712956621336,,
Kamala Harris,2022-04-20,Disapprove,47.43922937013853,,
Kamala Harris,2022-04-19,Approve,39.81712956621336,,
Kamala Harris,2022-04-19,Disapprove,47.43922937013853,,
Kamala Harris,2022-04-18,Approve,39.81712956621336,,
Kamala Harris,2022-04-18,Disapprove,47.43922937013853,,
Kamala Harris,2022-04-17,Approve,39.81712956621336,,
Kamala Harris,2022-04-17,Disapprove,47.43922937013854,,
Kamala Harris,2022-04-16,Approve,39.81712956621336,,
Kamala Harris,2022-04-16,Disapprove,47.43922937013854,,
Kamala Harris,2022-04-15,Approve,39.81712956621336,,
Kamala Harris,2022-04-15,Disapprove,47.43922937013853,,
Kamala Harris,2022-04-14,Approve,39.81712956621336,,
Kamala Harris,2022-04-14,Disapprove,47.43922937013854,,
Kamala Harris,2022-04-13,Approve,39.81712956621336,,
Kamala Harris,2022-04-13,Disapprove,47.43922937013853,,
Kamala Harris,2022-04-12,Approve,39.43358295499203,,
Kamala Harris,2022-04-12,Disapprove,48.86394969858975,,
Kamala Harris,2022-04-11,Approve,39.43358295499203,,
Kamala Harris,2022-04-11,Disapprove,48.86394969858975,,
Kamala Harris,2022-04-10,Approve,39.43358295499203,,
Kamala Harris,2022-04-10,Disapprove,48.86394969858975,,
Kamala Harris,2022-04-09,Approve,39.43358295499203,,
Kamala Harris,2022-04-09,Disapprove,48.86394969858975,,
Kamala Harris,2022-04-08,Approve,39.43358295499203,,
Kamala Harris,2022-04-08,Disapprove,48.86394969858975,,
Kamala Harris,2022-04-07,Approve,39.43358295499203,,
Kamala Harris,2022-04-07,Disapprove,48.86394969858975,,
Kamala Harris,2022-04-06,Approve,40.22221073190758,,
Kamala Harris,2022-04-06,Disapprove,50.43945769258379,,
Kamala Harris,2022-04-05,Approve,40.22221073190758,,
Kamala Harris,2022-04-05,Disapprove,50.43945769258379,,
Kamala Harris,2022-04-04,Approve,40.22221073190758,,
Kamala Harris,2022-04-04,Disapprove,50.43945769258379,,
Kamala Harris,2022-04-03,Approve,40.22221073190758,,
Kamala Harris,2022-04-03,Disapprove,50.43945769258379,,
Kamala Harris,2022-04-02,Approve,40.22221073190758,,
Kamala Harris,2022-04-02,Disapprove,50.43945769258379,,
Kamala Harris,2022-04-01,Approve,40.22221073190758,,
Kamala Harris,2022-04-01,Disapprove,50.43945769258379,,
Kamala Harris,2022-03-31,Approve,40.22221073190758,,
Kamala Harris,2022-03-31,Disapprove,50.43945769258378,,
Kamala Harris,2022-03-30,Approve,40.22221073190758,,
Kamala Harris,2022-03-30,Disapprove,50.43945769258379,,
Kamala Harris,2022-03-29,Approve,40.22221073190758,,
Kamala Harris,2022-03-29,Disapprove,50.43945769258379,,
Kamala Harris,2022-03-28,Approve,40.22991123481451,,
Kamala Harris,2022-03-28,Disapprove,50.47387253765092,,
Kamala Harris,2022-03-27,Approve,40.22991123481451,,
Kamala Harris,2022-03-27,Disapprove,50.47387253765092,,
Kamala Harris,2022-03-26,Approve,40.22991123481451,,
Kamala Harris,2022-03-26,Disapprove,50.47387253765092,,
Kamala Harris,2022-03-25,Approve,40.22991123481451,,
Kamala Harris,2022-03-25,Disapprove,50.47387253765092,,
Kamala Harris,2022-03-24,Approve,40.22991123481451,,
Kamala Harris,2022-03-24,Disapprove,50.47387253765092,,
Kamala Harris,2022-03-23,Approve,39.34253765909266,,
Kamala Harris,2022-03-23,Disapprove,49.25816014371791,,
Kamala Harris,2022-03-22,Approve,39.34253765909266,,
Kamala Harris,2022-03-22,Disapprove,49.25816014371791,,
Kamala Harris,2022-03-21,Approve,39.34253765909266,,
Kamala Harris,2022-03-21,Disapprove,49.25816014371791,,
Kamala Harris,2022-03-20,Approve,39.34253765909266,,
Kamala Harris,2022-03-20,Disapprove,49.25816014371791,,
Kamala Harris,2022-03-19,Approve,39.34253765909266,,
Kamala Harris,2022-03-19,Disapprove,49.25816014371791,,
Kamala Harris,2022-03-18,Approve,39.34253765909266,,
Kamala Harris,2022-03-18,Disapprove,49.25816014371791,,
Kamala Harris,2022-03-17,Approve,39.34253765909266,,
Kamala Harris,2022-03-17,Disapprove,49.25816014371791,,
Kamala Harris,2022-03-16,Approve,39.34253765909266,,
Kamala Harris,2022-03-16,Disapprove,49.25816014371792,,
Kamala Harris,2022-03-15,Approve,39.34253765909266,,
Kamala Harris,2022-03-15,Disapprove,49.25816014371791,,
Kamala Harris,2022-03-14,Approve,39.34253765909266,,
Kamala Harris,2022-03-14,Disapprove,49.25816014371791,,
Kamala Harris,2022-03-13,Approve,39.34253765909266,,
Kamala Harris,2022-03-13,Disapprove,49.25816014371792,,
Kamala Harris,2022-03-12,Approve,39.34253765909266,,
Kamala Harris,2022-03-12,Disapprove,49.25816014371791,,
Kamala Harris,2022-03-11,Approve,39.34253765909266,,
Kamala Harris,2022-03-11,Disapprove,49.25816014371791,,
Kamala Harris,2022-03-10,Approve,39.34253765909266,,
Kamala Harris,2022-03-10,Disapprove,49.25816014371791,,
Kamala Harris,2022-03-09,Approve,42.36577613448681,,
Kamala Harris,2022-03-09,Disapprove,51.34373278026002,,
Kamala Harris,2022-03-08,Approve,42.36577613448681,,
Kamala Harris,2022-03-08,Disapprove,51.34373278026002,,
Kamala Harris,2022-03-07,Approve,39.14898947445996,,
Kamala Harris,2022-03-07,Disapprove,50.76085948952501,,
Kamala Harris,2022-03-06,Approve,39.14898947445996,,
Kamala Harris,2022-03-06,Disapprove,50.76085948952501,,
Kamala Harris,2022-03-05,Approve,39.14898947445996,,
Kamala Harris,2022-03-05,Disapprove,50.76085948952501,,
Kamala Harris,2022-03-04,Approve,39.14898947445996,,
Kamala Harris,2022-03-04,Disapprove,50.76085948952501,,
Kamala Harris,2022-03-03,Approve,39.14898947445996,,
Kamala Harris,2022-03-03,Disapprove,50.76085948952501,,
Kamala Harris,2022-03-02,Approve,39.14898947445996,,
Kamala Harris,2022-03-02,Disapprove,50.76085948952501,,
Kamala Harris,2022-03-01,Approve,39.14898947445996,,
Kamala Harris,2022-03-01,Disapprove,50.76085948952501,,
Kamala Harris,2022-02-28,Approve,39.14898947445996,,
Kamala Harris,2022-02-28,Disapprove,50.76085948952501,,
Kamala Harris,2022-02-27,Approve,39.14898947445996,,
Kamala Harris,2022-02-27,Disapprove,50.76085948952501,,
Kamala Harris,2022-02-26,Approve,39.14898947445996,,
Kamala Harris,2022-02-26,Disapprove,50.76085948952501,,
Kamala Harris,2022-02-25,Approve,39.14898947445996,,
Kamala Harris,2022-02-25,Disapprove,50.76085948952501,,
Kamala Harris,2022-02-24,Approve,39.14898947445996,,
Kamala Harris,2022-02-24,Disapprove,50.76085948952501,,
Kamala Harris,2022-02-23,Approve,38.636066,,
Kamala Harris,2022-02-23,Disapprove,50.384369,,
Kamala Harris,2022-02-22,Approve,38.636066,,
Kamala Harris,2022-02-22,Disapprove,50.384369,,
Kamala Harris,2022-02-21,Approve,38.636066,,
Kamala Harris,2022-02-21,Disapprove,50.384369,,
Kamala Harris,2022-02-20,Approve,38.636066,,
Kamala Harris,2022-02-20,Disapprove,50.384369,,
Kamala Harris,2022-02-19,Approve,38.636066,,
Kamala Harris,2022-02-19,Disapprove,50.384369,,
Kamala Harris,2022-02-18,Approve,38.636066,,
Kamala Harris,2022-02-18,Disapprove,50.384369,,
Kamala Harris,2022-02-17,Approve,38.636066,,
Kamala Harris,2022-02-17,Disapprove,50.384369,,
Kamala Harris,2022-02-16,Approve,38.636066,,
Kamala Harris,2022-02-16,Disapprove,50.384369,,
Kamala Harris,2022-02-15,Approve,38.636066,,
Kamala Harris,2022-02-15,Disapprove,50.384369,,
Kamala Harris,2022-02-14,Approve,38.636066,,
Kamala Harris,2022-02-14,Disapprove,50.384369,,
Kamala Harris,2022-02-13,Approve,38.636066,,
Kamala Harris,2022-02-13,Disapprove,50.384369,,
Kamala Harris,2022-02-12,Approve,38.636066,,
Kamala Harris,2022-02-12,Disapprove,50.384369,,
Kamala Harris,2022-02-11,Approve,41.963219,,
Kamala Harris,2022-02-11,Disapprove,50.899452,,
Kamala Harris,2022-02-10,Approve,41.963219,,
Kamala Harris,2022-02-10,Disapprove,50.899452,,
Kamala Harris,2022-02-09,Approve,41.963219,,
Kamala Harris,2022-02-09,Disapprove,50.899452,,
Kamala Harris,2022-02-08,Approve,41.963219,,
Kamala Harris,2022-02-08,Disapprove,50.899452,,
Kamala Harris,2022-02-07,Approve,41.963219,,
Kamala Harris,2022-02-07,Disapprove,50.899452,,
Kamala Harris,2022-02-06,Approve,41.963219,,
Kamala Harris,2022-02-06,Disapprove,50.899452,,
Kamala Harris,2022-02-05,Approve,41.963219,,
Kamala Harris,2022-02-05,Disapprove,50.899452,,
Kamala Harris,2022-02-04,Approve,41.963219,,
Kamala Harris,2022-02-04,Disapprove,50.899452,,
Kamala Harris,2022-02-03,Approve,41.963219,,
Kamala Harris,2022-02-03,Disapprove,50.899452,,
Kamala Harris,2022-02-02,Approve,41.963219,,
Kamala Harris,2022-02-02,Disapprove,50.899452,,
Kamala Harris,2022-02-01,Approve,41.963219,,
Kamala Harris,2022-02-01,Disapprove,50.899452,,
Kamala Harris,2022-01-31,Approve,41.963219,,
Kamala Harris,2022-01-31,Disapprove,50.899452,,
Kamala Harris,2022-01-30,Approve,41.963219,,
Kamala Harris,2022-01-30,Disapprove,50.899452,,
Kamala Harris,2022-01-29,Approve,41.96321799996679,,
Kamala Harris,2022-01-29,Disapprove,50.89945488876322,,
Kamala Harris,2022-01-28,Approve,42.59124960518286,,
Kamala Harris,2022-01-28,Disapprove,50.42445235306527,,
Kamala Harris,2022-01-27,Approve,43.6014806240376,,
Kamala Harris,2022-01-27,Disapprove,53.68322026714757,,
Kamala Harris,2022-01-26,Approve,43.6014806240376,,
Kamala Harris,2022-01-26,Disapprove,53.68322026714757,,
Kamala Harris,2022-01-25,Approve,43.6014806240376,,
Kamala Harris,2022-01-25,Disapprove,53.68322026714757,,
Kamala Harris,2022-01-24,Approve,43.6014806240376,,
Kamala Harris,2022-01-24,Disapprove,53.68322026714757,,
Kamala Harris,2022-01-23,Approve,43.6014806240376,,
Kamala Harris,2022-01-23,Disapprove,53.68322026714757,,
Kamala Harris,2022-01-22,Approve,44.57002154868163,,
Kamala Harris,2022-01-22,Disapprove,54.7167601814491,,
Kamala Harris,2022-01-21,Approve,44.57002154868163,,
Kamala Harris,2022-01-21,Disapprove,54.7167601814491,,
Kamala Harris,2022-01-20,Approve,44.57002154868163,,
Kamala Harris,2022-01-20,Disapprove,54.7167601814491,,
Kamala Harris,2022-01-19,Approve,35.79424295392466,,
Kamala Harris,2022-01-19,Disapprove,47.15776374452394,,
Kamala Harris,2022-01-18,Approve,35.79424295392466,,
Kamala Harris,2022-01-18,Disapprove,47.15776374452394,,
Kamala Harris,2022-01-17,Approve,35.79424295392466,,
Kamala Harris,2022-01-17,Disapprove,47.15776374452394,,
Kamala Harris,2022-01-16,Approve,35.79424295392466,,
Kamala Harris,2022-01-16,Disapprove,47.15776374452394,,
Kamala Harris,2022-01-15,Approve,35.79424295392466,,
Kamala Harris,2022-01-15,Disapprove,47.15776374452394,,
Kamala Harris,2022-01-14,Approve,35.79424295392466,,
Kamala Harris,2022-01-14,Disapprove,47.15776374452394,,
Kamala Harris,2022-01-13,Approve,35.79424295392466,,
Kamala Harris,2022-01-13,Disapprove,47.15776374452394,,
Kamala Harris,2022-01-12,Approve,34.3762787185479,,
Kamala Harris,2022-01-12,Disapprove,47.38771962466328,,
Kamala Harris,2022-01-11,Approve,34.3762787185479,,
Kamala Harris,2022-01-11,Disapprove,47.38771962466328,,
Kamala Harris,2022-01-10,Approve,34.39242596367991,,
Kamala Harris,2022-01-10,Disapprove,47.00242283609908,,
Kamala Harris,2022-01-09,Approve,34.39242596367991,,
Kamala Harris,2022-01-09,Disapprove,47.00242283609908,,
Kamala Harris,2022-01-08,Approve,34.39242596367991,,
Kamala Harris,2022-01-08,Disapprove,47.00242283609906,,
Kamala Harris,2022-01-07,Approve,34.39242596367991,,
Kamala Harris,2022-01-07,Disapprove,47.00242283609908,,
Kamala Harris,2022-01-06,Approve,40.00257779860355,,
Kamala Harris,2022-01-06,Disapprove,47.4888445408426,,
Kamala Harris,2022-01-05,Approve,40.00257779860355,,
Kamala Harris,2022-01-05,Disapprove,47.4888445408426,,
Kamala Harris,2022-01-04,Approve,40.00257779860355,,
Kamala Harris,2022-01-04,Disapprove,47.48884454084261,,
Kamala Harris,2022-01-03,Approve,40.00257779860355,,
Kamala Harris,2022-01-03,Disapprove,47.48884454084261,,
Kamala Harris,2022-01-02,Approve,40.00257779860355,,
Kamala Harris,2022-01-02,Disapprove,47.48884454084261,,
Kamala Harris,2022-01-01,Approve,40.00257779860355,,
Kamala Harris,2022-01-01,Disapprove,47.4888445408426,,
Kamala Harris,2021-12-31,Approve,40.00257779860355,,
Kamala Harris,2021-12-31,Disapprove,47.4888445408426,,
Kamala Harris,2021-12-30,Approve,40.00257779860355,,
Kamala Harris,2021-12-30,Disapprove,47.4888445408426,,
Kamala Harris,2021-12-29,Approve,40.00257779860355,,
Kamala Harris,2021-12-29,Disapprove,47.4888445408426,,
Kamala Harris,2021-12-28,Approve,40.00257779860355,,
Kamala Harris,2021-12-28,Disapprove,47.4888445408426,,
Kamala Harris,2021-12-27,Approve,40.00257779860355,,
Kamala Harris,2021-12-27,Disapprove,47.4888445408426,,
Kamala Harris,2021-12-26,Approve,39.42784271587775,,
Kamala Harris,2021-12-26,Disapprove,47.01271997046002,,
Kamala Harris,2021-12-25,Approve,39.42784271587775,,
Kamala Harris,2021-12-25,Disapprove,47.01271997046002,,
Kamala Harris,2021-12-24,Approve,39.42784271587775,,
Kamala Harris,2021-12-24,Disapprove,47.01271997046002,,
Kamala Harris,2021-12-23,Approve,39.42784271587775,,
Kamala Harris,2021-12-23,Disapprove,47.01271997046002,,
Kamala Harris,2021-12-22,Approve,39.42784271587775,,
Kamala Harris,2021-12-22,Disapprove,47.01271997046002,,
Kamala Harris,2021-12-21,Approve,41.32569124005641,,
Kamala Harris,2021-12-21,Disapprove,50.41550376263223,,
Kamala Harris,2021-12-20,Approve,41.32569124005641,,
Kamala Harris,2021-12-20,Disapprove,50.41550376263221,,
Kamala Harris,2021-12-19,Approve,41.32569124005641,,
Kamala Harris,2021-12-19,Disapprove,50.41550376263223,,
Kamala Harris,2021-12-18,Approve,41.32569124005641,,
Kamala Harris,2021-12-18,Disapprove,50.41550376263221,,
Kamala Harris,2021-12-17,Approve,41.32569124005641,,
Kamala Harris,2021-12-17,Disapprove,50.41550376263223,,
Kamala Harris,2021-12-16,Approve,41.32569124005641,,
Kamala Harris,2021-12-16,Disapprove,50.41550376263223,,
Kamala Harris,2021-12-15,Approve,41.32569124005641,,
Kamala Harris,2021-12-15,Disapprove,50.41550376263221,,
Kamala Harris,2021-12-14,Approve,41.32569124005641,,
Kamala Harris,2021-12-14,Disapprove,50.41550376263223,,
Kamala Harris,2021-12-13,Approve,38.18294514012224,,
Kamala Harris,2021-12-13,Disapprove,49.29867407398378,,
Kamala Harris,2021-12-12,Approve,38.18294514012224,,
Kamala Harris,2021-12-12,Disapprove,49.29867407398379,,
Kamala Harris,2021-12-11,Approve,38.18294514012224,,
Kamala Harris,2021-12-11,Disapprove,49.29867407398379,,
Kamala Harris,2021-12-10,Approve,38.18294514012224,,
Kamala Harris,2021-12-10,Disapprove,49.29867407398378,,
Kamala Harris,2021-12-09,Approve,38.18294514012224,,
Kamala Harris,2021-12-09,Disapprove,49.29867407398379,,
Kamala Harris,2021-12-08,Approve,40.61380636809123,,
Kamala Harris,2021-12-08,Disapprove,52.81505363682053,,
Kamala Harris,2021-12-07,Approve,40.61380636809123,,
Kamala Harris,2021-12-07,Disapprove,52.81505363682053,,
Kamala Harris,2021-12-06,Approve,41.0939501319752,,
Kamala Harris,2021-12-06,Disapprove,49.87514139636907,,
Kamala Harris,2021-12-05,Approve,41.0939501319752,,
Kamala Harris,2021-12-05,Disapprove,49.87514139636907,,
Kamala Harris,2021-12-04,Approve,41.0939501319752,,
Kamala Harris,2021-12-04,Disapprove,49.87514139636907,,
Kamala Harris,2021-12-03,Approve,41.0939501319752,,
Kamala Harris,2021-12-03,Disapprove,49.87514139636907,,
Kamala Harris,2021-12-02,Approve,41.0939501319752,,
Kamala Harris,2021-12-02,Disapprove,49.87514139636907,,
Kamala Harris,2021-12-01,Approve,41.0939501319752,,
Kamala Harris,2021-12-01,Disapprove,49.87514139636907,,
Kamala Harris,2021-11-30,Approve,41.0939501319752,,
Kamala Harris,2021-11-30,Disapprove,49.87514139636907,,
Kamala Harris,2021-11-29,Approve,41.0939501319752,,
Kamala Harris,2021-11-29,Disapprove,49.87514139636907,,
Kamala Harris,2021-11-28,Approve,40.46001326122322,,
Kamala Harris,2021-11-28,Disapprove,51.86011117644241,,
Kamala Harris,2021-11-27,Approve,40.46001326122322,,
Kamala Harris,2021-11-27,Disapprove,51.86011117644241,,
Kamala Harris,2021-11-26,Approve,40.46001326122322,,
Kamala Harris,2021-11-26,Disapprove,51.86011117644241,,
Kamala Harris,2021-11-25,Approve,40.46001326122322,,
Kamala Harris,2021-11-25,Disapprove,51.86011117644241,,
Kamala Harris,2021-11-24,Approve,40.46001326122322,,
Kamala Harris,2021-11-24,Disapprove,51.86011117644241,,
Kamala Harris,2021-11-23,Approve,40.46001326122322,,
Kamala Harris,2021-11-23,Disapprove,51.86011117644241,,
Kamala Harris,2021-11-22,Approve,37.86636333685959,,
Kamala Harris,2021-11-22,Disapprove,50.15385027075331,,
Kamala Harris,2021-11-21,Approve,37.86636333685959,,
Kamala Harris,2021-11-21,Disapprove,50.15385027075331,,
Kamala Harris,2021-11-20,Approve,37.86636333685959,,
Kamala Harris,2021-11-20,Disapprove,50.15385027075331,,
Kamala Harris,2021-11-19,Approve,37.86636333685959,,
Kamala Harris,2021-11-19,Disapprove,50.15385027075331,,
Kamala Harris,2021-11-18,Approve,37.86636333685959,,
Kamala Harris,2021-11-18,Disapprove,50.15385027075331,,
Kamala Harris,2021-11-17,Approve,36.8894849328114,,
Kamala Harris,2021-11-17,Disapprove,51.98924058796907,,
Kamala Harris,2021-11-16,Approve,36.8894849328114,,
Kamala Harris,2021-11-16,Disapprove,51.98924058796906,,
Kamala Harris,2021-11-15,Approve,36.8894849328114,,
Kamala Harris,2021-11-15,Disapprove,51.98924058796908,,
Kamala Harris,2021-11-14,Approve,36.8894849328114,,
Kamala Harris,2021-11-14,Disapprove,51.98924058796906,,
Kamala Harris,2021-11-13,Approve,36.8894849328114,,
Kamala Harris,2021-11-13,Disapprove,51.98924058796907,,
Kamala Harris,2021-11-12,Approve,36.8894849328114,,
Kamala Harris,2021-11-12,Disapprove,51.98924058796906,,
Kamala Harris,2021-11-11,Approve,36.8894849328114,,
Kamala Harris,2021-11-11,Disapprove,51.98924058796906,,
Kamala Harris,2021-11-10,Approve,36.8894849328114,,
Kamala Harris,2021-11-10,Disapprove,51.98924058796906,,
Kamala Harris,2021-11-09,Approve,36.8894849328114,,
Kamala Harris,2021-11-09,Disapprove,51.98924058796906,,
Kamala Harris,2021-11-08,Approve,28.91756013849854,,
Kamala Harris,2021-11-08,Disapprove,50.19710016396264,,
Kamala Harris,2021-11-07,Approve,29.09377840323107,,
Kamala Harris,2021-11-07,Disapprove,50.02088189923012,,
Kamala Harris,2021-11-06,Approve,39.32240978842473,,
Kamala Harris,2021-11-06,Disapprove,46.4196002927562,,
Kamala Harris,2021-11-05,Approve,39.32240978842473,,
Kamala Harris,2021-11-05,Disapprove,46.4196002927562,,
Kamala Harris,2021-11-04,Approve,39.77013444004623,,
Kamala Harris,2021-11-04,Disapprove,46.83589465598514,,
Kamala Harris,2021-11-03,Approve,43.72720558038907,,
Kamala Harris,2021-11-03,Disapprove,51.77008854119322,,
Kamala Harris,2021-11-02,Approve,42.67894271669112,,
Kamala Harris,2021-11-02,Disapprove,52.45177790340585,,
Kamala Harris,2021-11-01,Approve,42.67894271669112,,
Kamala Harris,2021-11-01,Disapprove,52.45177790340585,,
Kamala Harris,2021-10-31,Approve,42.67894271669112,,
Kamala Harris,2021-10-31,Disapprove,52.45177790340585,,
Kamala Harris,2021-10-30,Approve,42.67894271669112,,
Kamala Harris,2021-10-30,Disapprove,52.45177790340585,,
Kamala Harris,2021-10-29,Approve,42.67894,,
Kamala Harris,2021-10-29,Disapprove,52.451775,,
Kamala Harris,2021-10-28,Approve,42.67894,,
Kamala Harris,2021-10-28,Disapprove,52.451775,,
Kamala Harris,2021-10-27,Approve,42.67894,,
Kamala Harris,2021-10-27,Disapprove,52.451775,,
Kamala Harris,2021-10-26,Approve,42.67894,,
Kamala Harris,2021-10-26,Disapprove,52.451775,,
Kamala Harris,2021-10-25,Approve,42.453331,,
Kamala Harris,2021-10-25,Disapprove,48.610847,,
Kamala Harris,2021-10-24,Approve,42.453331,,
Kamala Harris,2021-10-24,Disapprove,48.610847,,
Kamala Harris,2021-10-23,Approve,42.453331,,
Kamala Harris,2021-10-23,Disapprove,48.610847,,
Kamala Harris,2021-10-22,Approve,42.453331,,
Kamala Harris,2021-10-22,Disapprove,48.610847,,
Kamala Harris,2021-10-21,Approve,44.756927,,
Kamala Harris,2021-10-21,Disapprove,52.787098,,
Kamala Harris,2021-10-20,Approve,44.756927,,
Kamala Harris,2021-10-20,Disapprove,52.787098,,
Kamala Harris,2021-10-19,Approve,42.636047,,
Kamala Harris,2021-10-19,Disapprove,49.721249,,
Kamala Harris,2021-10-18,Approve,42.636047,,
Kamala Harris,2021-10-18,Disapprove,49.721249,,
Kamala Harris,2021-10-17,Approve,42.636047,,
Kamala Harris,2021-10-17,Disapprove,49.721249,,
Kamala Harris,2021-10-16,Approve,42.636047,,
Kamala Harris,2021-10-16,Disapprove,49.721249,,
Kamala Harris,2021-10-15,Approve,42.636047,,
Kamala Harris,2021-10-15,Disapprove,49.721249,,
Kamala Harris,2021-10-14,Approve,42.636047,,
Kamala Harris,2021-10-14,Disapprove,49.721249,,
Kamala Harris,2021-10-13,Approve,42.636047,,
Kamala Harris,2021-10-13,Disapprove,49.721249,,
Kamala Harris,2021-10-12,Approve,42.636047,,
Kamala Harris,2021-10-12,Disapprove,49.721249,,
Kamala Harris,2021-10-11,Approve,42.636047,,
Kamala Harris,2021-10-11,Disapprove,49.721249,,
Kamala Harris,2021-10-10,Approve,40.439083,,
Kamala Harris,2021-10-10,Disapprove,41.445389,,
Kamala Harris,2021-10-09,Approve,40.439083,,
Kamala Harris,2021-10-09,Disapprove,41.445389,,
Kamala Harris,2021-10-08,Approve,40.439083,,
Kamala Harris,2021-10-08,Disapprove,41.445389,,
Kamala Harris,2021-10-07,Approve,40.439083,,
Kamala Harris,2021-10-07,Disapprove,41.445389,,
Kamala Harris,2021-10-06,Approve,40.439083,,
Kamala Harris,2021-10-06,Disapprove,41.445389,,
Kamala Harris,2021-10-05,Approve,42.449627,,
Kamala Harris,2021-10-05,Disapprove,45.778263,,
Kamala Harris,2021-10-04,Approve,42.449627,,
Kamala Harris,2021-10-04,Disapprove,45.778263,,
Kamala Harris,2021-10-03,Approve,42.449627,,
Kamala Harris,2021-10-03,Disapprove,45.778263,,
Kamala Harris,2021-10-02,Approve,42.449627,,
Kamala Harris,2021-10-02,Disapprove,45.778263,,
Kamala Harris,2021-10-01,Approve,42.449627,,
Kamala Harris,2021-10-01,Disapprove,45.778263,,
Kamala Harris,2021-09-30,Approve,42.449627,,
Kamala Harris,2021-09-30,Disapprove,45.778263,,
Kamala Harris,2021-09-29,Approve,42.449627,,
Kamala Harris,2021-09-29,Disapprove,45.778263,,
Kamala Harris,2021-09-28,Approve,42.449627,,
Kamala Harris,2021-09-28,Disapprove,45.778263,,
Kamala Harris,2021-09-27,Approve,42.449627,,
Kamala Harris,2021-09-27,Disapprove,45.778263,,
Kamala Harris,2021-09-26,Approve,41.384041,,
Kamala Harris,2021-09-26,Disapprove,40.522659,,
Kamala Harris,2021-09-25,Approve,40.781986,,
Kamala Harris,2021-09-25,Disapprove,40.082752,,
Kamala Harris,2021-09-24,Approve,40.781986,,
Kamala Harris,2021-09-24,Disapprove,40.082752,,
Kamala Harris,2021-09-23,Approve,40.781986,,
Kamala Harris,2021-09-23,Disapprove,40.082752,,
Kamala Harris,2021-09-22,Approve,40.781986,,
Kamala Harris,2021-09-22,Disapprove,40.082752,,
Kamala Harris,2021-09-21,Approve,40.781986,,
Kamala Harris,2021-09-21,Disapprove,40.082752,,
Kamala Harris,2021-09-20,Approve,46.696419,,
Kamala Harris,2021-09-20,Disapprove,49.61908,,
Kamala Harris,2021-09-19,Approve,46.696419,,
Kamala Harris,2021-09-19,Disapprove,49.61908,,
Kamala Harris,2021-09-18,Approve,46.696419,,
Kamala Harris,2021-09-18,Disapprove,49.61908,,
Kamala Harris,2021-09-17,Approve,44.6045,,
Kamala Harris,2021-09-17,Disapprove,47.335018,,
Kamala Harris,2021-09-16,Approve,44.6045,,
Kamala Harris,2021-09-16,Disapprove,47.335018,,
Kamala Harris,2021-09-15,Approve,44.6045,,
Kamala Harris,2021-09-15,Disapprove,47.335018,,
Kamala Harris,2021-09-14,Approve,44.6045,,
Kamala Harris,2021-09-14,Disapprove,47.335018,,
Kamala Harris,2021-09-13,Approve,40.716232,,
Kamala Harris,2021-09-13,Disapprove,35.184799,,
Kamala Harris,2021-09-12,Approve,40.716232,,
Kamala Harris,2021-09-12,Disapprove,35.184799,,
Kamala Harris,2021-09-11,Approve,40.716232,,
Kamala Harris,2021-09-11,Disapprove,35.184799,,
Kamala Harris,2021-09-10,Approve,40.716232,,
Kamala Harris,2021-09-10,Disapprove,35.184799,,
Kamala Harris,2021-09-09,Approve,40.716232,,
Kamala Harris,2021-09-09,Disapprove,35.184799,,
Kamala Harris,2021-09-08,Approve,40.716232,,
Kamala Harris,2021-09-08,Disapprove,35.184799,,
Kamala Harris,2021-09-07,Approve,41.135551,,
Kamala Harris,2021-09-07,Disapprove,34.478542,,
Kamala Harris,2021-09-06,Approve,41.135551,,
Kamala Harris,2021-09-06,Disapprove,34.478542,,
Kamala Harris,2021-09-05,Approve,44.448956,,
Kamala Harris,2021-09-05,Disapprove,51.613018,,
Kamala Harris,2021-09-04,Approve,44.448956,,
Kamala Harris,2021-09-04,Disapprove,51.613018,,
Kamala Harris,2021-09-03,Approve,44.448956,,
Kamala Harris,2021-09-03,Disapprove,51.613018,,
Kamala Harris,2021-09-02,Approve,44.448956,,
Kamala Harris,2021-09-02,Disapprove,51.613018,,
Kamala Harris,2021-09-01,Approve,44.448956,,
Kamala Harris,2021-09-01,Disapprove,51.613018,,
Kamala Harris,2021-08-31,Approve,44.448956,,
Kamala Harris,2021-08-31,Disapprove,51.613018,,
Kamala Harris,2021-08-30,Approve,41.731274,,
Kamala Harris,2021-08-30,Disapprove,45.604549,,
Kamala Harris,2021-08-29,Approve,41.731274,,
Kamala Harris,2021-08-29,Disapprove,45.604549,,
Kamala Harris,2021-08-28,Approve,41.731274,,
Kamala Harris,2021-08-28,Disapprove,45.604549,,
Kamala Harris,2021-08-27,Approve,41.731274,,
Kamala Harris,2021-08-27,Disapprove,45.604549,,
Kamala Harris,2021-08-26,Approve,41.731274,,
Kamala Harris,2021-08-26,Disapprove,45.604549,,
Kamala Harris,2021-08-25,Approve,41.731274,,
Kamala Harris,2021-08-25,Disapprove,45.604549,,
Kamala Harris,2021-08-24,Approve,41.731274,,
Kamala Harris,2021-08-24,Disapprove,45.604549,,
Kamala Harris,2021-08-23,Approve,41.731274,,
Kamala Harris,2021-08-23,Disapprove,45.604549,,
Kamala Harris,2021-08-22,Approve,41.731274,,
Kamala Harris,2021-08-22,Disapprove,45.604549,,
Kamala Harris,2021-08-21,Approve,41.731274,,
Kamala Harris,2021-08-21,Disapprove,45.604549,,
Kamala Harris,2021-08-20,Approve,41.731274,,
Kamala Harris,2021-08-20,Disapprove,45.604549,,
Kamala Harris,2021-08-19,Approve,41.731274,,
Kamala Harris,2021-08-19,Disapprove,45.604549,,
Kamala Harris,2021-08-18,Approve,41.731274,,
Kamala Harris,2021-08-18,Disapprove,45.604549,,
Kamala Harris,2021-08-17,Approve,48.149158,,
Kamala Harris,2021-08-17,Disapprove,45.189793,,
Kamala Harris,2021-08-16,Approve,48.149158,,
Kamala Harris,2021-08-16,Disapprove,45.189793,,
Kamala Harris,2021-08-15,Approve,46.164829,,
Kamala Harris,2021-08-15,Disapprove,41.935188,,
Kamala Harris,2021-08-14,Approve,47.635303,,
Kamala Harris,2021-08-14,Disapprove,43.813408,,
Kamala Harris,2021-08-13,Approve,47.635303,,
Kamala Harris,2021-08-13,Disapprove,43.813408,,
Kamala Harris,2021-08-12,Approve,47.635303,,
Kamala Harris,2021-08-12,Disapprove,43.813408,,
Kamala Harris,2021-08-11,Approve,47.635303,,
Kamala Harris,2021-08-11,Disapprove,43.813408,,
Kamala Harris,2021-08-10,Approve,47.635303,,
Kamala Harris,2021-08-10,Disapprove,43.813408,,
Kamala Harris,2021-08-09,Approve,47.635303,,
Kamala Harris,2021-08-09,Disapprove,43.813408,,
Kamala Harris,2021-08-08,Approve,47.635303,,
Kamala Harris,2021-08-08,Disapprove,43.813408,,
Kamala Harris,2021-08-07,Approve,47.635303,,
Kamala Harris,2021-08-07,Disapprove,43.813408,,
Kamala Harris,2021-08-06,Approve,47.635303,,
Kamala Harris,2021-08-06,Disapprove,43.813408,,
Kamala Harris,2021-08-05,Approve,50.236618,,
Kamala Harris,2021-08-05,Disapprove,49.866447,,
Kamala Harris,2021-08-04,Approve,50.236618,,
Kamala Harris,2021-08-04,Disapprove,49.866447,,
Kamala Harris,2021-08-03,Approve,50.236618,,
Kamala Harris,2021-08-03,Disapprove,49.866447,,
Kamala Harris,2021-08-02,Approve,50.236618,,
Kamala Harris,2021-08-02,Disapprove,49.866447,,
Kamala Harris,2021-08-01,Approve,50.426685,,
Kamala Harris,2021-08-01,Disapprove,47.447262,,
Kamala Harris,2021-07-31,Approve,50.426685,,
Kamala Harris,2021-07-31,Disapprove,47.447262,,
Kamala Harris,2021-07-30,Approve,50.426685,,
Kamala Harris,2021-07-30,Disapprove,47.447262,,
Kamala Harris,2021-07-29,Approve,50.426685,,
Kamala Harris,2021-07-29,Disapprove,47.447262,,
Kamala Harris,2021-07-28,Approve,50.426685,,
Kamala Harris,2021-07-28,Disapprove,47.447262,,
Kamala Harris,2021-07-27,Approve,50.426685,,
Kamala Harris,2021-07-27,Disapprove,47.447262,,
Kamala Harris,2021-07-26,Approve,50.426685,,
Kamala Harris,2021-07-26,Disapprove,47.447262,,
Kamala Harris,2021-07-25,Approve,50.426685,,
Kamala Harris,2021-07-25,Disapprove,47.447262,,
Kamala Harris,2021-07-24,Approve,50.426685,,
Kamala Harris,2021-07-24,Disapprove,47.447262,,
Kamala Harris,2021-07-23,Approve,50.426685,,
Kamala Harris,2021-07-23,Disapprove,47.447262,,
Kamala Harris,2021-07-22,Approve,50.426685,,
Kamala Harris,2021-07-22,Disapprove,47.447262,,
Kamala Harris,2021-07-21,Approve,50.426685,,
Kamala Harris,2021-07-21,Disapprove,47.447262,,
Kamala Harris,2021-07-20,Approve,50.426685,,
Kamala Harris,2021-07-20,Disapprove,47.447262,,
Kamala Harris,2021-07-19,Approve,50.426685,,
Kamala Harris,2021-07-19,Disapprove,47.447262,,
Kamala Harris,2021-07-18,Approve,54.078579,,
Kamala Harris,2021-07-18,Disapprove,41.827282,,
Kamala Harris,2021-07-17,Approve,54.078579,,
Kamala Harris,2021-07-17,Disapprove,41.827282,,
Kamala Harris,2021-07-16,Approve,54.078579,,
Kamala Harris,2021-07-16,Disapprove,41.827282,,
Kamala Harris,2021-07-15,Approve,54.078579,,
Kamala Harris,2021-07-15,Disapprove,41.827282,,
Kamala Harris,2021-07-14,Approve,54.078579,,
Kamala Harris,2021-07-14,Disapprove,41.827282,,
Kamala Harris,2021-07-13,Approve,54.078579,,
Kamala Harris,2021-07-13,Disapprove,41.827282,,
Kamala Harris,2021-07-12,Approve,54.078579,,
Kamala Harris,2021-07-12,Disapprove,41.827282,,
Kamala Harris,2021-07-11,Approve,54.078579,,
Kamala Harris,2021-07-11,Disapprove,41.827282,,
Kamala Harris,2021-07-10,Approve,54.078579,,
Kamala Harris,2021-07-10,Disapprove,41.827282,,
Kamala Harris,2021-07-09,Approve,54.078579,,
Kamala Harris,2021-07-09,Disapprove,41.827282,,
Kamala Harris,2021-07-08,Approve,54.078579,,
Kamala Harris,2021-07-08,Disapprove,41.827282,,
Kamala Harris,2021-07-07,Approve,54.078579,,
Kamala Harris,2021-07-07,Disapprove,41.827282,,
Kamala Harris,2021-07-06,Approve,52.592163,,
Kamala Harris,2021-07-06,Disapprove,47.170197,,
Kamala Harris,2021-07-05,Approve,52.592163,,
Kamala Harris,2021-07-05,Disapprove,47.170197,,
Kamala Harris,2021-07-04,Approve,48.807613,,
Kamala Harris,2021-07-04,Disapprove,46.003654,,
Kamala Harris,2021-07-03,Approve,48.807613,,
Kamala Harris,2021-07-03,Disapprove,46.003654,,
Kamala Harris,2021-07-02,Approve,48.807613,,
Kamala Harris,2021-07-02,Disapprove,46.003654,,
Kamala Harris,2021-07-01,Approve,48.807613,,
Kamala Harris,2021-07-01,Disapprove,46.003654,,
Kamala Harris,2021-06-30,Approve,48.807613,,
Kamala Harris,2021-06-30,Disapprove,46.003654,,
Kamala Harris,2021-06-29,Approve,48.807613,,
Kamala Harris,2021-06-29,Disapprove,46.003654,,
Kamala Harris,2021-06-28,Approve,48.807613,,
Kamala Harris,2021-06-28,Disapprove,46.003654,,
Kamala Harris,2021-06-27,Approve,48.807613,,
Kamala Harris,2021-06-27,Disapprove,46.003654,,
Kamala Harris,2021-06-26,Approve,48.807613,,
Kamala Harris,2021-06-26,Disapprove,46.003654,,
Kamala Harris,2021-06-25,Approve,48.807613,,
Kamala Harris,2021-06-25,Disapprove,46.003654,,
Kamala Harris,2021-06-24,Approve,48.807613,,
Kamala Harris,2021-06-24,Disapprove,46.003654,,
Kamala Harris,2021-06-23,Approve,48.807613,,
Kamala Harris,2021-06-23,Disapprove,46.003654,,
Kamala Harris,2021-06-22,Approve,44.760342,,
Kamala Harris,2021-06-22,Disapprove,42.609676,,
Kamala Harris,2021-06-21,Approve,44.760342,,
Kamala Harris,2021-06-21,Disapprove,42.609676,,
Kamala Harris,2021-06-20,Approve,46.484653,,
Kamala Harris,2021-06-20,Disapprove,39.720398,,
Kamala Harris,2021-06-19,Approve,46.484653,,
Kamala Harris,2021-06-19,Disapprove,39.720398,,
Kamala Harris,2021-06-18,Approve,46.484653,,
Kamala Harris,2021-06-18,Disapprove,39.720398,,
Kamala Harris,2021-06-17,Approve,46.484653,,
Kamala Harris,2021-06-17,Disapprove,39.720398,,
Kamala Harris,2021-06-16,Approve,46.484653,,
Kamala Harris,2021-06-16,Disapprove,39.720398,,
Kamala Harris,2021-06-15,Approve,46.484653,,
Kamala Harris,2021-06-15,Disapprove,39.720398,,
Kamala Harris,2021-06-14,Approve,46.484653,,
Kamala Harris,2021-06-14,Disapprove,39.720398,,
Kamala Harris,2021-06-13,Approve,46.484653,,
Kamala Harris,2021-06-13,Disapprove,39.720398,,
Kamala Harris,2021-06-12,Approve,46.484653,,
Kamala Harris,2021-06-12,Disapprove,39.720398,,
Kamala Harris,2021-06-11,Approve,46.484653,,
Kamala Harris,2021-06-11,Disapprove,39.720398,,
Kamala Harris,2021-06-10,Approve,46.484653,,
Kamala Harris,2021-06-10,Disapprove,39.720398,,
Kamala Harris,2021-06-09,Approve,46.484653,,
Kamala Harris,2021-06-09,Disapprove,39.720398,,
Kamala Harris,2021-06-08,Approve,46.484653,,
Kamala Harris,2021-06-08,Disapprove,39.720398,,
Kamala Harris,2021-06-07,Approve,46.484653,,
Kamala Harris,2021-06-07,Disapprove,39.720398,,
Kamala Harris,2021-06-06,Approve,53.448627,,
Kamala Harris,2021-06-06,Disapprove,39.896641,,
Kamala Harris,2021-06-05,Approve,53.448627,,
Kamala Harris,2021-06-05,Disapprove,39.896641,,
Kamala Harris,2021-06-04,Approve,53.448627,,
Kamala Harris,2021-06-04,Disapprove,39.896641,,
Kamala Harris,2021-06-03,Approve,53.448627,,
Kamala Harris,2021-06-03,Disapprove,39.896641,,
Kamala Harris,2021-06-02,Approve,53.448627,,
Kamala Harris,2021-06-02,Disapprove,39.896641,,
Kamala Harris,2021-06-01,Approve,53.448627,,
Kamala Harris,2021-06-01,Disapprove,39.896641,,
Kamala Harris,2021-05-31,Approve,53.448627,,
Kamala Harris,2021-05-31,Disapprove,39.896641,,
Kamala Harris,2021-05-30,Approve,53.448627,,
Kamala Harris,2021-05-30,Disapprove,39.896641,,
Kamala Harris,2021-05-29,Approve,53.448627,,
Kamala Harris,2021-05-29,Disapprove,39.896641,,
Kamala Harris,2021-05-28,Approve,53.448627,,
Kamala Harris,2021-05-28,Disapprove,39.896641,,
Kamala Harris,2021-05-27,Approve,47.525238,,
Kamala Harris,2021-05-27,Disapprove,38.561523,,
Kamala Harris,2021-05-26,Approve,47.525238,,
Kamala Harris,2021-05-26,Disapprove,38.561523,,
Kamala Harris,2021-05-25,Approve,47.525238,,
Kamala Harris,2021-05-25,Disapprove,38.561523,,
Kamala Harris,2021-05-24,Approve,47.525238,,
Kamala Harris,2021-05-24,Disapprove,38.561523,,
Kamala Harris,2021-05-23,Approve,49.713062,,
Kamala Harris,2021-05-23,Disapprove,37.044849,,
Kamala Harris,2021-05-22,Approve,49.713062,,
Kamala Harris,2021-05-22,Disapprove,37.044849,,
Kamala Harris,2021-05-21,Approve,49.713062,,
Kamala Harris,2021-05-21,Disapprove,37.044849,,
Kamala Harris,2021-05-20,Approve,49.713062,,
Kamala Harris,2021-05-20,Disapprove,37.044849,,
Kamala Harris,2021-05-19,Approve,49.713062,,
Kamala Harris,2021-05-19,Disapprove,37.044849,,
Kamala Harris,2021-05-18,Approve,49.713062,,
Kamala Harris,2021-05-18,Disapprove,37.044849,,
Kamala Harris,2021-05-17,Approve,49.713062,,
Kamala Harris,2021-05-17,Disapprove,37.044849,,
Kamala Harris,2021-05-16,Approve,49.713062,,
Kamala Harris,2021-05-16,Disapprove,37.044849,,
Kamala Harris,2021-05-15,Approve,49.713062,,
Kamala Harris,2021-05-15,Disapprove,37.044849,,
Kamala Harris,2021-05-14,Approve,49.713062,,
Kamala Harris,2021-05-14,Disapprove,37.044849,,
Kamala Harris,2021-05-13,Approve,49.713062,,
Kamala Harris,2021-05-13,Disapprove,37.044849,,
Kamala Harris,2021-05-12,Approve,49.713062,,
Kamala Harris,2021-05-12,Disapprove,37.044849,,
Kamala Harris,2021-05-11,Approve,49.713062,,
Kamala Harris,2021-05-11,Disapprove,37.044849,,
Kamala Harris,2021-05-10,Approve,49.713062,,
Kamala Harris,2021-05-10,Disapprove,37.044849,,
Kamala Harris,2021-05-09,Approve,43.000008,,
Kamala Harris,2021-05-09,Disapprove,37.0,,
Kamala Harris,2021-05-08,Approve,43.000008,,
Kamala Harris,2021-05-08,Disapprove,37.0,,
Kamala Harris,2021-05-07,Approve,43.000008,,
Kamala Harris,2021-05-07,Disapprove,37.0,,
Kamala Harris,2021-05-06,Approve,43.000008,,
Kamala Harris,2021-05-06,Disapprove,37.0,,
Kamala Harris,2021-05-05,Approve,43.000008,,
Kamala Harris,2021-05-05,Disapprove,37.0,,
Kamala Harris,2021-05-04,Approve,43.000008,,
Kamala Harris,2021-05-04,Disapprove,37.0,,
Kamala Harris,2021-05-03,Approve,43.000008,,
Kamala Harris,2021-05-03,Disapprove,37.0,,
Kamala Harris,2021-05-02,Approve,43.000008,,
Kamala Harris,2021-05-02,Disapprove,37.0,,
Kamala Harris,2021-05-01,Approve,43.000008,,
Kamala Harris,2021-05-01,Disapprove,37.0,,
Kamala Harris,2021-04-30,Approve,43.000008,,
Kamala Harris,2021-04-30,Disapprove,37.0,,
Kamala Harris,2021-04-29,Approve,43.000008,,
Kamala Harris,2021-04-29,Disapprove,37.0,,
Kamala Harris,2021-04-28,Approve,43.000008,,
Kamala Harris,2021-04-28,Disapprove,37.0,,
Kamala Harris,2021-04-27,Approve,49.8116,,
Kamala Harris,2021-04-27,Disapprove,38.531399,,
Kamala Harris,2021-04-26,Approve,47.0,,
Kamala Harris,2021-04-26,Disapprove,39.0,,
Kamala Harris,2021-04-25,Approve,55.200001,,
Kamala Harris,2021-04-25,Disapprove,31.700001,,
Kamala Harris,2021-04-24,Approve,55.200001,,
Kamala Harris,2021-04-24,Disapprove,31.700001,,
Kamala Harris,2021-04-23,Approve,55.200001,,
Kamala Harris,2021-04-23,Disapprove,31.700001,,
Kamala Harris,2021-04-22,Approve,55.200001,,
Kamala Harris,2021-04-22,Disapprove,31.700001,,
Kamala Harris,2021-04-21,Approve,55.200001,,
Kamala Harris,2021-04-21,Disapprove,31.700001,,
Kamala Harris,2021-04-20,Approve,55.200001,,
Kamala Harris,2021-04-20,Disapprove,31.700001,,
Kamala Harris,2021-04-19,Approve,55.200001,,
Kamala Harris,2021-04-19,Disapprove,31.700001,,
Kamala Harris,2021-04-18,Approve,55.200001,,
Kamala Harris,2021-04-18,Disapprove,31.700001,,
Kamala Harris,2021-04-17,Approve,55.200001,,
Kamala Harris,2021-04-17,Disapprove,31.700001,,
Kamala Harris,2021-04-16,Approve,55.200001,,
Kamala Harris,2021-04-16,Disapprove,31.700001,,
Kamala Harris,2021-04-15,Approve,55.200001,,
Kamala Harris,2021-04-15,Disapprove,31.700001,,
Kamala Harris,2021-04-14,Approve,55.200001,,
Kamala Harris,2021-04-14,Disapprove,31.700001,,
Kamala Harris,2021-04-13,Approve,55.200001,,
Kamala Harris,2021-04-13,Disapprove,31.700001,,
Kamala Harris,2021-04-12,Approve,55.200001,,
Kamala Harris,2021-04-12,Disapprove,31.700001,,
Kamala Harris,2021-04-11,Approve,55.200001,,
Kamala Harris,2021-04-11,Disapprove,31.700001,,
Kamala Harris,2021-04-10,Approve,55.200001,,
Kamala Harris,2021-04-10,Disapprove,31.700001,,
Kamala Harris,2021-04-09,Approve,55.200001,,
Kamala Harris,2021-04-09,Disapprove,31.700001,,
Kamala Harris,2021-04-08,Approve,55.200001,,
Kamala Harris,2021-04-08,Disapprove,31.700001,,
Kamala Harris,2021-04-07,Approve,55.200001,,
Kamala Harris,2021-04-07,Disapprove,31.700001,,
Kamala Harris,2021-04-06,Approve,55.200001,,
Kamala Harris,2021-04-06,Disapprove,31.700001,,
Kamala Harris,2021-04-05,Approve,55.200001,,
Kamala Harris,2021-04-05,Disapprove,31.700001,,
Kamala Harris,2021-04-04,Approve,55.200001,,
Kamala Harris,2021-04-04,Disapprove,31.700001,,
Kamala Harris,2021-04-03,Approve,55.200001,,
Kamala Harris,2021-04-03,Disapprove,31.700001,,
Kamala Harris,2021-04-02,Approve,55.200001,,
Kamala Harris,2021-04-02,Disapprove,31.700001,,
Kamala Harris,2021-04-01,Approve,55.200001,,
Kamala Harris,2021-04-01,Disapprove,31.700001,,