politician,response,date,pct_estimate
Mike Pence,favorable,2023-06-26,25.96746567
Mike Pence,unfavorable,2023-06-26,52.16742301
Mike Pence,favorable,2023-06-25,25.96746567
Mike Pence,unfavorable,2023-06-25,52.16742301
Mike Pence,favorable,2023-06-24,25.96746567
Mike Pence,unfavorable,2023-06-24,52.16742301
Mike Pence,favorable,2023-06-23,25.96746567
Mike Pence,unfavorable,2023-06-23,52.16742301
Mike Pence,favorable,2023-06-22,25.96746567
Mike Pence,unfavorable,2023-06-22,52.16742301
Mike Pence,favorable,2023-06-21,25.96746567
Mike Pence,unfavorable,2023-06-21,52.16742301
Mike Pence,favorable,2023-06-20,34.66584755
Mike Pence,unfavorable,2023-06-20,50.07358523
Mike Pence,favorable,2023-06-19,34.66584755
Mike Pence,unfavorable,2023-06-19,50.07358523
Mike Pence,favorable,2023-06-18,34.66584755
Mike Pence,unfavorable,2023-06-18,50.07358523
Mike Pence,favorable,2023-06-17,34.66584755
Mike Pence,unfavorable,2023-06-17,50.07358523
Mike Pence,favorable,2023-06-16,34.66584755
Mike Pence,unfavorable,2023-06-16,50.07358523
Mike Pence,favorable,2023-06-15,34.66584755
Mike Pence,unfavorable,2023-06-15,50.07358523
Mike Pence,favorable,2023-06-14,33.79889103
Mike Pence,unfavorable,2023-06-14,54.65662113
Mike Pence,favorable,2023-06-13,35.70839353
Mike Pence,unfavorable,2023-06-13,51.54067801
Mike Pence,favorable,2023-06-12,35.24537694
Mike Pence,unfavorable,2023-06-12,46.72692535
Mike Pence,favorable,2023-06-11,35.24537694
Mike Pence,unfavorable,2023-06-11,46.72692535
Mike Pence,favorable,2023-06-10,35.24537694
Mike Pence,unfavorable,2023-06-10,46.72692535
Mike Pence,favorable,2023-06-09,35.24537694
Mike Pence,unfavorable,2023-06-09,46.72692535
Mike Pence,favorable,2023-06-08,35.24537694
Mike Pence,unfavorable,2023-06-08,46.72692535
Mike Pence,favorable,2023-06-07,35.24537694
Mike Pence,unfavorable,2023-06-07,46.72692535
Mike Pence,favorable,2023-06-06,35.24537694
Mike Pence,unfavorable,2023-06-06,46.72692535
Mike Pence,favorable,2023-06-05,35.24537694
Mike Pence,unfavorable,2023-06-05,46.72692535
Mike Pence,favorable,2023-06-04,35.24537694
Mike Pence,unfavorable,2023-06-04,46.72692535
Mike Pence,favorable,2023-06-03,35.24537694
Mike Pence,unfavorable,2023-06-03,46.72692535
Mike Pence,favorable,2023-06-02,35.24537694
Mike Pence,unfavorable,2023-06-02,46.72692535
Mike Pence,favorable,2023-06-01,35.24537694
Mike Pence,unfavorable,2023-06-01,46.72692535
Mike Pence,favorable,2023-05-31,35.24537694
Mike Pence,unfavorable,2023-05-31,46.72692535
Mike Pence,favorable,2023-05-30,35.24537694
Mike Pence,unfavorable,2023-05-30,46.72692535
Mike Pence,favorable,2023-05-29,35.24537694
Mike Pence,unfavorable,2023-05-29,46.72692535
Mike Pence,favorable,2023-05-28,35.24537694
Mike Pence,unfavorable,2023-05-28,46.72692535
Mike Pence,favorable,2023-05-27,35.24537694
Mike Pence,unfavorable,2023-05-27,46.72692535
Mike Pence,favorable,2023-05-26,32.57900583
Mike Pence,unfavorable,2023-05-26,48.65613043
Mike Pence,favorable,2023-05-25,30.96729561
Mike Pence,unfavorable,2023-05-25,48.38664002
Mike Pence,favorable,2023-05-24,30.42109475
Mike Pence,unfavorable,2023-05-24,48.80840292
Mike Pence,favorable,2023-05-23,30.42109475
Mike Pence,unfavorable,2023-05-23,48.80840292
Mike Pence,favorable,2023-05-22,30.42109475
Mike Pence,unfavorable,2023-05-22,48.80840292
Mike Pence,favorable,2023-05-21,36.66783229
Mike Pence,unfavorable,2023-05-21,46.85186102
Mike Pence,favorable,2023-05-20,36.66783229
Mike Pence,unfavorable,2023-05-20,46.85186102
Mike Pence,favorable,2023-05-19,36.66783229
Mike Pence,unfavorable,2023-05-19,46.85186102
Mike Pence,favorable,2023-05-18,36.66783229
Mike Pence,unfavorable,2023-05-18,46.85186102
Mike Pence,favorable,2023-05-17,35.83297005
Mike Pence,unfavorable,2023-05-17,52.54836644
Mike Pence,favorable,2023-05-16,35.83297005
Mike Pence,unfavorable,2023-05-16,52.54836644
Mike Pence,favorable,2023-05-15,35.83297005
Mike Pence,unfavorable,2023-05-15,52.54836644
Mike Pence,favorable,2023-05-14,35.83297005
Mike Pence,unfavorable,2023-05-14,52.54836644
Mike Pence,favorable,2023-05-13,35.83297005
Mike Pence,unfavorable,2023-05-13,52.54836644
Mike Pence,favorable,2023-05-12,35.83297005
Mike Pence,unfavorable,2023-05-12,52.54836644
Mike Pence,favorable,2023-05-11,35.83297005
Mike Pence,unfavorable,2023-05-11,52.54836644
Mike Pence,favorable,2023-05-10,35.83297005
Mike Pence,unfavorable,2023-05-10,52.54836644
Mike Pence,favorable,2023-05-09,35.83297005
Mike Pence,unfavorable,2023-05-09,52.54836644
Mike Pence,favorable,2023-05-08,35.83297005
Mike Pence,unfavorable,2023-05-08,52.54836644
Mike Pence,favorable,2023-05-07,35.83297005
Mike Pence,unfavorable,2023-05-07,52.54836644
Mike Pence,favorable,2023-05-06,35.83297005
Mike Pence,unfavorable,2023-05-06,52.54836644
Mike Pence,favorable,2023-05-05,35.83297005
Mike Pence,unfavorable,2023-05-05,52.54836644
Mike Pence,favorable,2023-05-04,35.83297005
Mike Pence,unfavorable,2023-05-04,52.54836644
Mike Pence,favorable,2023-05-03,35.83297005
Mike Pence,unfavorable,2023-05-03,52.54836644
Mike Pence,favorable,2023-05-02,35.83297005
Mike Pence,unfavorable,2023-05-02,52.54836644
Mike Pence,favorable,2023-05-01,35.83297005
Mike Pence,unfavorable,2023-05-01,52.54836644
Mike Pence,favorable,2023-04-30,35.83297005
Mike Pence,unfavorable,2023-04-30,52.54836644
Mike Pence,favorable,2023-04-29,35.83297005
Mike Pence,unfavorable,2023-04-29,52.54836644
Mike Pence,favorable,2023-04-28,35.83297005
Mike Pence,unfavorable,2023-04-28,52.54836644
Mike Pence,favorable,2023-04-27,35.83297005
Mike Pence,unfavorable,2023-04-27,52.54836644
Mike Pence,favorable,2023-04-26,37.54841314
Mike Pence,unfavorable,2023-04-26,52.84471174
Mike Pence,favorable,2023-04-25,36.47310617
Mike Pence,unfavorable,2023-04-25,48.47612911
Mike Pence,favorable,2023-04-24,36.47310617
Mike Pence,unfavorable,2023-04-24,48.47612911
Mike Pence,favorable,2023-04-23,36.37880244
Mike Pence,unfavorable,2023-04-23,48.83470416
Mike Pence,favorable,2023-04-22,36.37880244
Mike Pence,unfavorable,2023-04-22,48.83470416
Mike Pence,favorable,2023-04-21,36.37880244
Mike Pence,unfavorable,2023-04-21,48.83470416
Mike Pence,favorable,2023-04-20,34.38672357
Mike Pence,unfavorable,2023-04-20,52.22323803
Mike Pence,favorable,2023-04-19,34.38672357
Mike Pence,unfavorable,2023-04-19,52.22323803
Mike Pence,favorable,2023-04-18,34.38672357
Mike Pence,unfavorable,2023-04-18,52.22323803
Mike Pence,favorable,2023-04-17,34.38672357
Mike Pence,unfavorable,2023-04-17,52.22323803
Mike Pence,favorable,2023-04-16,36.71361687
Mike Pence,unfavorable,2023-04-16,47.83699426
Mike Pence,favorable,2023-04-15,36.71361687
Mike Pence,unfavorable,2023-04-15,47.83699426
Mike Pence,favorable,2023-04-14,36.71361687
Mike Pence,unfavorable,2023-04-14,47.83699426
Mike Pence,favorable,2023-04-13,36.71361687
Mike Pence,unfavorable,2023-04-13,47.83699426
Mike Pence,favorable,2023-04-12,36.71361687
Mike Pence,unfavorable,2023-04-12,47.83699426
Mike Pence,favorable,2023-04-11,36.71361687
Mike Pence,unfavorable,2023-04-11,47.83699426
Mike Pence,favorable,2023-04-10,36.71361687
Mike Pence,unfavorable,2023-04-10,47.83699426
Mike Pence,favorable,2023-04-09,36.71361687
Mike Pence,unfavorable,2023-04-09,47.83699426
Mike Pence,favorable,2023-04-08,36.71361687
Mike Pence,unfavorable,2023-04-08,47.83699426
Mike Pence,favorable,2023-04-07,36.71361687
Mike Pence,unfavorable,2023-04-07,47.83699426
Mike Pence,favorable,2023-04-06,36.71361687
Mike Pence,unfavorable,2023-04-06,47.83699426
Mike Pence,favorable,2023-04-05,36.71361687
Mike Pence,unfavorable,2023-04-05,47.83699426
Mike Pence,favorable,2023-04-04,36.71361687
Mike Pence,unfavorable,2023-04-04,47.83699426
Mike Pence,favorable,2023-04-03,36.01659504
Mike Pence,unfavorable,2023-04-03,47.95175868
Mike Pence,favorable,2023-04-02,36.01659504
Mike Pence,unfavorable,2023-04-02,47.95175868
Mike Pence,favorable,2023-04-01,36.01659504
Mike Pence,unfavorable,2023-04-01,47.95175868
Mike Pence,favorable,2023-03-31,36.01659504
Mike Pence,unfavorable,2023-03-31,47.95175868
Mike Pence,favorable,2023-03-30,33.51356774
Mike Pence,unfavorable,2023-03-30,48.43429054
Mike Pence,favorable,2023-03-29,33.55204809
Mike Pence,unfavorable,2023-03-29,48.3028826
Mike Pence,favorable,2023-03-28,33.55204809
Mike Pence,unfavorable,2023-03-28,48.3028826
Mike Pence,favorable,2023-03-27,33.55204809
Mike Pence,unfavorable,2023-03-27,48.3028826
Mike Pence,favorable,2023-03-26,41.10213912
Mike Pence,unfavorable,2023-03-26,44.39040538
Mike Pence,favorable,2023-03-25,41.10213912
Mike Pence,unfavorable,2023-03-25,44.39040538
Mike Pence,favorable,2023-03-24,41.10213912
Mike Pence,unfavorable,2023-03-24,44.39040538
Mike Pence,favorable,2023-03-23,41.10213912
Mike Pence,unfavorable,2023-03-23,44.39040538
Mike Pence,favorable,2023-03-22,33.65339322
Mike Pence,unfavorable,2023-03-22,51.36052514
Mike Pence,favorable,2023-03-21,33.65339322
Mike Pence,unfavorable,2023-03-21,51.36052514
Mike Pence,favorable,2023-03-20,28.77675911
Mike Pence,unfavorable,2023-03-20,50.39418132
Mike Pence,favorable,2023-03-19,28.77675911
Mike Pence,unfavorable,2023-03-19,50.39418132
Mike Pence,favorable,2023-03-18,28.77675911
Mike Pence,unfavorable,2023-03-18,50.39418132
Mike Pence,favorable,2023-03-17,28.77675911
Mike Pence,unfavorable,2023-03-17,50.39418132
Mike Pence,favorable,2023-03-16,28.77675911
Mike Pence,unfavorable,2023-03-16,50.39418132
Mike Pence,favorable,2023-03-15,28.90741547
Mike Pence,unfavorable,2023-03-15,52.23853152
Mike Pence,favorable,2023-03-14,36.36035139
Mike Pence,unfavorable,2023-03-14,48.86149402
Mike Pence,favorable,2023-03-13,36.36035139
Mike Pence,unfavorable,2023-03-13,48.86149402
Mike Pence,favorable,2023-03-12,36.36035139
Mike Pence,unfavorable,2023-03-12,48.86149402
Mike Pence,favorable,2023-03-11,36.36035139
Mike Pence,unfavorable,2023-03-11,48.86149402
Mike Pence,favorable,2023-03-10,36.36352904
Mike Pence,unfavorable,2023-03-10,48.86423157
Mike Pence,favorable,2023-03-09,36.02564052
Mike Pence,unfavorable,2023-03-09,49.01790435
Mike Pence,favorable,2023-03-08,36.2051807
Mike Pence,unfavorable,2023-03-08,48.40534685
Mike Pence,favorable,2023-03-07,36.2051807
Mike Pence,unfavorable,2023-03-07,48.40534685
Mike Pence,favorable,2023-03-06,36.2051807
Mike Pence,unfavorable,2023-03-06,48.40534685
Mike Pence,favorable,2023-03-05,38.15092511
Mike Pence,unfavorable,2023-03-05,47.08275788
Mike Pence,favorable,2023-03-04,38.15092511
Mike Pence,unfavorable,2023-03-04,47.08275788
Mike Pence,favorable,2023-03-03,38.15291284
Mike Pence,unfavorable,2023-03-03,47.08942521
Mike Pence,favorable,2023-03-02,32.826874
Mike Pence,unfavorable,2023-03-02,48.869347
Mike Pence,favorable,2023-03-01,32.826874
Mike Pence,unfavorable,2023-03-01,48.869347
Mike Pence,favorable,2023-02-28,34.353714
Mike Pence,unfavorable,2023-02-28,47.540779
Mike Pence,favorable,2023-02-27,34.353714
Mike Pence,unfavorable,2023-02-27,47.540779
Mike Pence,favorable,2023-02-26,34.353714
Mike Pence,unfavorable,2023-02-26,47.540779
Mike Pence,favorable,2023-02-25,34.353714
Mike Pence,unfavorable,2023-02-25,47.540779
Mike Pence,favorable,2023-02-24,34.353714
Mike Pence,unfavorable,2023-02-24,47.540779
Mike Pence,favorable,2023-02-23,34.353714
Mike Pence,unfavorable,2023-02-23,47.540779
Mike Pence,favorable,2023-02-22,34.353714
Mike Pence,unfavorable,2023-02-22,47.540779
Mike Pence,favorable,2023-02-21,34.353714
Mike Pence,unfavorable,2023-02-21,47.540779
Mike Pence,favorable,2023-02-20,34.353714
Mike Pence,unfavorable,2023-02-20,47.540779
Mike Pence,favorable,2023-02-19,34.353714
Mike Pence,unfavorable,2023-02-19,47.540779
Mike Pence,favorable,2023-02-18,34.353714
Mike Pence,unfavorable,2023-02-18,47.540779
Mike Pence,favorable,2023-02-17,34.353714
Mike Pence,unfavorable,2023-02-17,47.540779
Mike Pence,favorable,2023-02-16,34.353714
Mike Pence,unfavorable,2023-02-16,47.540779
Mike Pence,favorable,2023-02-15,28.737942
Mike Pence,unfavorable,2023-02-15,48.578285
Mike Pence,favorable,2023-02-14,28.737942
Mike Pence,unfavorable,2023-02-14,48.578285
Mike Pence,favorable,2023-02-13,31.848398
Mike Pence,unfavorable,2023-02-13,50.619564
Mike Pence,favorable,2023-02-12,31.848398
Mike Pence,unfavorable,2023-02-12,50.619564
Mike Pence,favorable,2023-02-11,30.228933
Mike Pence,unfavorable,2023-02-11,51.057209
Mike Pence,favorable,2023-02-10,37.433624
Mike Pence,unfavorable,2023-02-10,47.805801
Mike Pence,favorable,2023-02-09,37.433624
Mike Pence,unfavorable,2023-02-09,47.805801
Mike Pence,favorable,2023-02-08,37.433624
Mike Pence,unfavorable,2023-02-08,47.805801
Mike Pence,favorable,2023-02-07,37.433624
Mike Pence,unfavorable,2023-02-07,47.805801
Mike Pence,favorable,2023-02-06,36.29546
Mike Pence,unfavorable,2023-02-06,49.11797
Mike Pence,favorable,2023-02-05,36.29546
Mike Pence,unfavorable,2023-02-05,49.11797
Mike Pence,favorable,2023-02-04,38.082241
Mike Pence,unfavorable,2023-02-04,46.041515
Mike Pence,favorable,2023-02-03,38.082241
Mike Pence,unfavorable,2023-02-03,46.041515
Mike Pence,favorable,2023-02-02,38.082241
Mike Pence,unfavorable,2023-02-02,46.041515
Mike Pence,favorable,2023-02-01,38.082241
Mike Pence,unfavorable,2023-02-01,46.041515
Mike Pence,favorable,2023-01-31,38.082241
Mike Pence,unfavorable,2023-01-31,46.041515
Mike Pence,favorable,2023-01-30,38.223419
Mike Pence,unfavorable,2023-01-30,47.63306
Mike Pence,favorable,2023-01-29,38.223419
Mike Pence,unfavorable,2023-01-29,47.63306
Mike Pence,favorable,2023-01-28,38.223419
Mike Pence,unfavorable,2023-01-28,47.63306
Mike Pence,favorable,2023-01-27,38.223419
Mike Pence,unfavorable,2023-01-27,47.63306
Mike Pence,favorable,2023-01-26,38.223419
Mike Pence,unfavorable,2023-01-26,47.63306
Mike Pence,favorable,2023-01-25,38.223419
Mike Pence,unfavorable,2023-01-25,47.63306
Mike Pence,favorable,2023-01-24,38.223419
Mike Pence,unfavorable,2023-01-24,47.63306
Mike Pence,favorable,2023-01-23,38.223419
Mike Pence,unfavorable,2023-01-23,47.63306
Mike Pence,favorable,2023-01-22,38.223419
Mike Pence,unfavorable,2023-01-22,47.63306
Mike Pence,favorable,2023-01-21,40.952751
Mike Pence,unfavorable,2023-01-21,45.963646
Mike Pence,favorable,2023-01-20,40.952751
Mike Pence,unfavorable,2023-01-20,45.963646
Mike Pence,favorable,2023-01-19,39.475906
Mike Pence,unfavorable,2023-01-19,45.58952
Mike Pence,favorable,2023-01-18,39.329323
Mike Pence,unfavorable,2023-01-18,45.266705
Mike Pence,favorable,2023-01-17,39.329323
Mike Pence,unfavorable,2023-01-17,45.266705
Mike Pence,favorable,2023-01-16,35.063534
Mike Pence,unfavorable,2023-01-16,49.064808
Mike Pence,favorable,2023-01-15,35.063534
Mike Pence,unfavorable,2023-01-15,49.064808
Mike Pence,favorable,2023-01-14,35.063534
Mike Pence,unfavorable,2023-01-14,49.064808
Mike Pence,favorable,2023-01-13,35.063534
Mike Pence,unfavorable,2023-01-13,49.064808
Mike Pence,favorable,2023-01-12,35.063534
Mike Pence,unfavorable,2023-01-12,49.064808
Mike Pence,favorable,2023-01-11,35.063534
Mike Pence,unfavorable,2023-01-11,49.064808
Mike Pence,favorable,2023-01-10,35.063534
Mike Pence,unfavorable,2023-01-10,49.064808
Mike Pence,favorable,2023-01-09,35.063534
Mike Pence,unfavorable,2023-01-09,49.064808
Mike Pence,favorable,2023-01-08,35.063534
Mike Pence,unfavorable,2023-01-08,49.064808
Mike Pence,favorable,2023-01-07,35.063534
Mike Pence,unfavorable,2023-01-07,49.064808
Mike Pence,favorable,2023-01-06,35.063534
Mike Pence,unfavorable,2023-01-06,49.064808
Mike Pence,favorable,2023-01-05,35.063534
Mike Pence,unfavorable,2023-01-05,49.064808
Mike Pence,favorable,2023-01-04,35.063534
Mike Pence,unfavorable,2023-01-04,49.064808
Mike Pence,favorable,2023-01-03,35.063534
Mike Pence,unfavorable,2023-01-03,49.064808
Mike Pence,favorable,2023-01-02,35.063534
Mike Pence,unfavorable,2023-01-02,49.064808
Mike Pence,favorable,2023-01-01,35.063534
Mike Pence,unfavorable,2023-01-01,49.064808
Mike Pence,favorable,2022-12-31,35.063534
Mike Pence,unfavorable,2022-12-31,49.064808
Mike Pence,favorable,2022-12-30,35.063534
Mike Pence,unfavorable,2022-12-30,49.064808
Mike Pence,favorable,2022-12-29,35.063534
Mike Pence,unfavorable,2022-12-29,49.064808
Mike Pence,favorable,2022-12-28,35.063534
Mike Pence,unfavorable,2022-12-28,49.064808
Mike Pence,favorable,2022-12-27,35.063534
Mike Pence,unfavorable,2022-12-27,49.064808
Mike Pence,favorable,2022-12-26,35.063534
Mike Pence,unfavorable,2022-12-26,49.064808
Mike Pence,favorable,2022-12-25,35.063534
Mike Pence,unfavorable,2022-12-25,49.064808
Mike Pence,favorable,2022-12-24,35.063534
Mike Pence,unfavorable,2022-12-24,49.064808
Mike Pence,favorable,2022-12-23,35.947121
Mike Pence,unfavorable,2022-12-23,48.60902
Mike Pence,favorable,2022-12-22,35.947121
Mike Pence,unfavorable,2022-12-22,48.60902
Mike Pence,favorable,2022-12-21,35.947121
Mike Pence,unfavorable,2022-12-21,48.60902
Mike Pence,favorable,2022-12-20,35.947121
Mike Pence,unfavorable,2022-12-20,48.60902
Mike Pence,favorable,2022-12-19,35.947121
Mike Pence,unfavorable,2022-12-19,48.60902
Mike Pence,favorable,2022-12-18,36.852428
Mike Pence,unfavorable,2022-12-18,48.48003
Mike Pence,favorable,2022-12-17,36.852428
Mike Pence,unfavorable,2022-12-17,48.48003
Mike Pence,favorable,2022-12-16,36.852428
Mike Pence,unfavorable,2022-12-16,48.48003
Mike Pence,favorable,2022-12-15,36.852428
Mike Pence,unfavorable,2022-12-15,48.48003
Mike Pence,favorable,2022-12-14,36.852428
Mike Pence,unfavorable,2022-12-14,48.48003
Mike Pence,favorable,2022-12-13,36.852428
Mike Pence,unfavorable,2022-12-13,48.48003
Mike Pence,favorable,2022-12-12,36.852428
Mike Pence,unfavorable,2022-12-12,48.48003
Mike Pence,favorable,2022-12-11,32.453602
Mike Pence,unfavorable,2022-12-11,51.300335
Mike Pence,favorable,2022-12-10,32.453602
Mike Pence,unfavorable,2022-12-10,51.300335
Mike Pence,favorable,2022-12-09,32.453602
Mike Pence,unfavorable,2022-12-09,51.300335
Mike Pence,favorable,2022-12-08,32.453602
Mike Pence,unfavorable,2022-12-08,51.300335
Mike Pence,favorable,2022-12-07,32.453602
Mike Pence,unfavorable,2022-12-07,51.300335
Mike Pence,favorable,2022-12-06,34.545826
Mike Pence,unfavorable,2022-12-06,48.618286
Mike Pence,favorable,2022-12-05,34.545826
Mike Pence,unfavorable,2022-12-05,48.618286
Mike Pence,favorable,2022-12-04,35.071045
Mike Pence,unfavorable,2022-12-04,47.000298
Mike Pence,favorable,2022-12-03,35.071045
Mike Pence,unfavorable,2022-12-03,47.000298
Mike Pence,favorable,2022-12-02,35.071045
Mike Pence,unfavorable,2022-12-02,47.000298
Mike Pence,favorable,2022-12-01,35.071045
Mike Pence,unfavorable,2022-12-01,47.000298
Mike Pence,favorable,2022-11-30,35.071045
Mike Pence,unfavorable,2022-11-30,47.000298
Mike Pence,favorable,2022-11-29,35.071045
Mike Pence,unfavorable,2022-11-29,47.000298
Mike Pence,favorable,2022-11-28,35.630596
Mike Pence,unfavorable,2022-11-28,47.484665
Mike Pence,favorable,2022-11-27,35.630596
Mike Pence,unfavorable,2022-11-27,47.484665
Mike Pence,favorable,2022-11-26,35.630596
Mike Pence,unfavorable,2022-11-26,47.484665
Mike Pence,favorable,2022-11-25,35.630596
Mike Pence,unfavorable,2022-11-25,47.484665
Mike Pence,favorable,2022-11-24,35.630596
Mike Pence,unfavorable,2022-11-24,47.484665
Mike Pence,favorable,2022-11-23,35.630596
Mike Pence,unfavorable,2022-11-23,47.484665
Mike Pence,favorable,2022-11-22,35.630596
Mike Pence,unfavorable,2022-11-22,47.484665
Mike Pence,favorable,2022-11-21,37.250103
Mike Pence,unfavorable,2022-11-21,46.782669
Mike Pence,favorable,2022-11-20,37.250103
Mike Pence,unfavorable,2022-11-20,46.782669
Mike Pence,favorable,2022-11-19,37.71703
Mike Pence,unfavorable,2022-11-19,44.764523
Mike Pence,favorable,2022-11-18,37.71703
Mike Pence,unfavorable,2022-11-18,44.764523
Mike Pence,favorable,2022-11-17,37.71703
Mike Pence,unfavorable,2022-11-17,44.764523
Mike Pence,favorable,2022-11-16,37.011173
Mike Pence,unfavorable,2022-11-16,46.909977
Mike Pence,favorable,2022-11-15,37.011173
Mike Pence,unfavorable,2022-11-15,46.909977
Mike Pence,favorable,2022-11-14,32.475857
Mike Pence,unfavorable,2022-11-14,51.048489
Mike Pence,favorable,2022-11-13,28.519403
Mike Pence,unfavorable,2022-11-13,53.35173
Mike Pence,favorable,2022-11-12,28.519403
Mike Pence,unfavorable,2022-11-12,53.35173
Mike Pence,favorable,2022-11-11,28.519403
Mike Pence,unfavorable,2022-11-11,53.35173
Mike Pence,favorable,2022-11-10,28.519403
Mike Pence,unfavorable,2022-11-10,53.35173
Mike Pence,favorable,2022-11-09,28.519403
Mike Pence,unfavorable,2022-11-09,53.35173
Mike Pence,favorable,2022-11-08,28.519403
Mike Pence,unfavorable,2022-11-08,53.35173
Mike Pence,favorable,2022-11-07,28.519403
Mike Pence,unfavorable,2022-11-07,53.35173
Mike Pence,favorable,2022-11-06,36.260609
Mike Pence,unfavorable,2022-11-06,46.7192
Mike Pence,favorable,2022-11-05,36.260609
Mike Pence,unfavorable,2022-11-05,46.7192
Mike Pence,favorable,2022-11-04,36.260609
Mike Pence,unfavorable,2022-11-04,46.7192
Mike Pence,favorable,2022-11-03,36.260609
Mike Pence,unfavorable,2022-11-03,46.7192
Mike Pence,favorable,2022-11-02,36.260609
Mike Pence,unfavorable,2022-11-02,46.7192
Mike Pence,favorable,2022-11-01,36.260609
Mike Pence,unfavorable,2022-11-01,46.7192
Mike Pence,favorable,2022-10-31,36.260609
Mike Pence,unfavorable,2022-10-31,46.7192
Mike Pence,favorable,2022-10-30,36.552597
Mike Pence,unfavorable,2022-10-30,46.464714
Mike Pence,favorable,2022-10-29,36.552597
Mike Pence,unfavorable,2022-10-29,46.464714
Mike Pence,favorable,2022-10-28,36.552597
Mike Pence,unfavorable,2022-10-28,46.464714
Mike Pence,favorable,2022-10-27,36.552597
Mike Pence,unfavorable,2022-10-27,46.464714
Mike Pence,favorable,2022-10-26,36.552597
Mike Pence,unfavorable,2022-10-26,46.464714
Mike Pence,favorable,2022-10-25,36.552597
Mike Pence,unfavorable,2022-10-25,46.464714
Mike Pence,favorable,2022-10-24,36.552597
Mike Pence,unfavorable,2022-10-24,46.464714
Mike Pence,favorable,2022-10-23,37.94516
Mike Pence,unfavorable,2022-10-23,47.861458
Mike Pence,favorable,2022-10-22,40.011131
Mike Pence,unfavorable,2022-10-22,45.626297
Mike Pence,favorable,2022-10-21,40.011131
Mike Pence,unfavorable,2022-10-21,45.626297
Mike Pence,favorable,2022-10-20,40.011131
Mike Pence,unfavorable,2022-10-20,45.626297
Mike Pence,favorable,2022-10-19,40.011131
Mike Pence,unfavorable,2022-10-19,45.626297
Mike Pence,favorable,2022-10-18,40.011131
Mike Pence,unfavorable,2022-10-18,45.626297
Mike Pence,favorable,2022-10-17,40.011131
Mike Pence,unfavorable,2022-10-17,45.626297
Mike Pence,favorable,2022-10-16,40.011131
Mike Pence,unfavorable,2022-10-16,45.626297
Mike Pence,favorable,2022-10-15,40.448673
Mike Pence,unfavorable,2022-10-15,44.456463
Mike Pence,favorable,2022-10-14,40.448673
Mike Pence,unfavorable,2022-10-14,44.456463
Mike Pence,favorable,2022-10-13,40.448673
Mike Pence,unfavorable,2022-10-13,44.456463
Mike Pence,favorable,2022-10-12,35.387802
Mike Pence,unfavorable,2022-10-12,47.568794
Mike Pence,favorable,2022-10-11,35.387802
Mike Pence,unfavorable,2022-10-11,47.568794
Mike Pence,favorable,2022-10-10,35.387802
Mike Pence,unfavorable,2022-10-10,47.568794
Mike Pence,favorable,2022-10-09,36.242886
Mike Pence,unfavorable,2022-10-09,48.177708
Mike Pence,favorable,2022-10-08,36.67355
Mike Pence,unfavorable,2022-10-08,46.663033
Mike Pence,favorable,2022-10-07,36.67355
Mike Pence,unfavorable,2022-10-07,46.663033
Mike Pence,favorable,2022-10-06,36.67355
Mike Pence,unfavorable,2022-10-06,46.663033
Mike Pence,favorable,2022-10-05,36.67355
Mike Pence,unfavorable,2022-10-05,46.663033
Mike Pence,favorable,2022-10-04,36.67355
Mike Pence,unfavorable,2022-10-04,46.663033
Mike Pence,favorable,2022-10-03,36.67355
Mike Pence,unfavorable,2022-10-03,46.663033
Mike Pence,favorable,2022-10-02,36.392403
Mike Pence,unfavorable,2022-10-02,49.041943
Mike Pence,favorable,2022-10-01,37.25687
Mike Pence,unfavorable,2022-10-01,48.46006
Mike Pence,favorable,2022-09-30,37.25687
Mike Pence,unfavorable,2022-09-30,48.46006
Mike Pence,favorable,2022-09-29,37.25687
Mike Pence,unfavorable,2022-09-29,48.46006
Mike Pence,favorable,2022-09-28,37.25687
Mike Pence,unfavorable,2022-09-28,48.46006
Mike Pence,favorable,2022-09-27,37.25687
Mike Pence,unfavorable,2022-09-27,48.46006
Mike Pence,favorable,2022-09-26,37.25687
Mike Pence,unfavorable,2022-09-26,48.46006
Mike Pence,favorable,2022-09-25,37.25687
Mike Pence,unfavorable,2022-09-25,48.46006
Mike Pence,favorable,2022-09-24,38.006721
Mike Pence,unfavorable,2022-09-24,46.7313
Mike Pence,favorable,2022-09-23,38.006721
Mike Pence,unfavorable,2022-09-23,46.7313
Mike Pence,favorable,2022-09-22,38.006721
Mike Pence,unfavorable,2022-09-22,46.7313
Mike Pence,favorable,2022-09-21,38.006721
Mike Pence,unfavorable,2022-09-21,46.7313
Mike Pence,favorable,2022-09-20,38.006721
Mike Pence,unfavorable,2022-09-20,46.7313
Mike Pence,favorable,2022-09-19,38.006721
Mike Pence,unfavorable,2022-09-19,46.7313
Mike Pence,favorable,2022-09-18,38.006721
Mike Pence,unfavorable,2022-09-18,46.7313
Mike Pence,favorable,2022-09-17,36.005173
Mike Pence,unfavorable,2022-09-17,47.931973
Mike Pence,favorable,2022-09-16,36.005173
Mike Pence,unfavorable,2022-09-16,47.931973
Mike Pence,favorable,2022-09-15,36.005173
Mike Pence,unfavorable,2022-09-15,47.931973
Mike Pence,favorable,2022-09-14,36.005173
Mike Pence,unfavorable,2022-09-14,47.931973
Mike Pence,favorable,2022-09-13,37.044407
Mike Pence,unfavorable,2022-09-13,46.25349
Mike Pence,favorable,2022-09-12,37.044407
Mike Pence,unfavorable,2022-09-12,46.25349
Mike Pence,favorable,2022-09-11,37.630596
Mike Pence,unfavorable,2022-09-11,46.212551
Mike Pence,favorable,2022-09-10,38.944187
Mike Pence,unfavorable,2022-09-10,42.44952
Mike Pence,favorable,2022-09-09,38.944187
Mike Pence,unfavorable,2022-09-09,42.44952
Mike Pence,favorable,2022-09-08,38.944187
Mike Pence,unfavorable,2022-09-08,42.44952
Mike Pence,favorable,2022-09-07,33.587055
Mike Pence,unfavorable,2022-09-07,52.467705
Mike Pence,favorable,2022-09-06,33.587055
Mike Pence,unfavorable,2022-09-06,52.467705
Mike Pence,favorable,2022-09-05,33.587055
Mike Pence,unfavorable,2022-09-05,52.467705
Mike Pence,favorable,2022-09-04,33.587055
Mike Pence,unfavorable,2022-09-04,52.467705
Mike Pence,favorable,2022-09-03,33.587055
Mike Pence,unfavorable,2022-09-03,52.467705
Mike Pence,favorable,2022-09-02,33.587055
Mike Pence,unfavorable,2022-09-02,52.467705
Mike Pence,favorable,2022-09-01,33.587055
Mike Pence,unfavorable,2022-09-01,52.467705
Mike Pence,favorable,2022-08-31,33.587055
Mike Pence,unfavorable,2022-08-31,52.467705
Mike Pence,favorable,2022-08-30,33.587055
Mike Pence,unfavorable,2022-08-30,52.467705
Mike Pence,favorable,2022-08-29,36.18811
Mike Pence,unfavorable,2022-08-29,49.458244
Mike Pence,favorable,2022-08-28,36.18811
Mike Pence,unfavorable,2022-08-28,49.458244
Mike Pence,favorable,2022-08-27,38.456081
Mike Pence,unfavorable,2022-08-27,46.25082
Mike Pence,favorable,2022-08-26,38.456081
Mike Pence,unfavorable,2022-08-26,46.25082
Mike Pence,favorable,2022-08-25,38.456081
Mike Pence,unfavorable,2022-08-25,46.25082
Mike Pence,favorable,2022-08-24,38.456081
Mike Pence,unfavorable,2022-08-24,46.25082
Mike Pence,favorable,2022-08-23,38.456081
Mike Pence,unfavorable,2022-08-23,46.25082
Mike Pence,favorable,2022-08-22,38.456081
Mike Pence,unfavorable,2022-08-22,46.25082
Mike Pence,favorable,2022-08-21,34.407948
Mike Pence,unfavorable,2022-08-21,50.279709
Mike Pence,favorable,2022-08-20,30.232119
Mike Pence,unfavorable,2022-08-20,47.863964
Mike Pence,favorable,2022-08-19,30.232119
Mike Pence,unfavorable,2022-08-19,47.863964
Mike Pence,favorable,2022-08-18,30.232119
Mike Pence,unfavorable,2022-08-18,47.863964
Mike Pence,favorable,2022-08-17,30.232119
Mike Pence,unfavorable,2022-08-17,47.863964
Mike Pence,favorable,2022-08-16,30.232119
Mike Pence,unfavorable,2022-08-16,47.863964
Mike Pence,favorable,2022-08-15,36.8321
Mike Pence,unfavorable,2022-08-15,52.073742
Mike Pence,favorable,2022-08-14,36.8321
Mike Pence,unfavorable,2022-08-14,52.073742
Mike Pence,favorable,2022-08-13,34.606087
Mike Pence,unfavorable,2022-08-13,54.273071
Mike Pence,favorable,2022-08-12,34.606087
Mike Pence,unfavorable,2022-08-12,54.273071
Mike Pence,favorable,2022-08-11,34.606087
Mike Pence,unfavorable,2022-08-11,54.273071
Mike Pence,favorable,2022-08-10,34.606087
Mike Pence,unfavorable,2022-08-10,54.273071
Mike Pence,favorable,2022-08-09,34.606087
Mike Pence,unfavorable,2022-08-09,54.273071
Mike Pence,favorable,2022-08-08,37.545586
Mike Pence,unfavorable,2022-08-08,49.995255
Mike Pence,favorable,2022-08-07,37.545586
Mike Pence,unfavorable,2022-08-07,49.995255
Mike Pence,favorable,2022-08-06,36.176785
Mike Pence,unfavorable,2022-08-06,51.00629
Mike Pence,favorable,2022-08-05,36.176785
Mike Pence,unfavorable,2022-08-05,51.00629
Mike Pence,favorable,2022-08-04,36.176785
Mike Pence,unfavorable,2022-08-04,51.00629
Mike Pence,favorable,2022-08-03,36.176785
Mike Pence,unfavorable,2022-08-03,51.00629
Mike Pence,favorable,2022-08-02,36.176785
Mike Pence,unfavorable,2022-08-02,51.00629
Mike Pence,favorable,2022-08-01,39.00729
Mike Pence,unfavorable,2022-08-01,46.654037
Mike Pence,favorable,2022-07-31,39.00729
Mike Pence,unfavorable,2022-07-31,46.654037
Mike Pence,favorable,2022-07-30,38.556355
Mike Pence,unfavorable,2022-07-30,44.373276
Mike Pence,favorable,2022-07-29,38.556355
Mike Pence,unfavorable,2022-07-29,44.373276
Mike Pence,favorable,2022-07-28,38.556355
Mike Pence,unfavorable,2022-07-28,44.373276
Mike Pence,favorable,2022-07-27,35.163757
Mike Pence,unfavorable,2022-07-27,51.494148
Mike Pence,favorable,2022-07-26,35.163757
Mike Pence,unfavorable,2022-07-26,51.494148
Mike Pence,favorable,2022-07-25,37.01862
Mike Pence,unfavorable,2022-07-25,48.889256
Mike Pence,favorable,2022-07-24,37.01862
Mike Pence,unfavorable,2022-07-24,48.889256
Mike Pence,favorable,2022-07-23,36.755917
Mike Pence,unfavorable,2022-07-23,51.501007
Mike Pence,favorable,2022-07-22,36.755917
Mike Pence,unfavorable,2022-07-22,51.501007
Mike Pence,favorable,2022-07-21,36.755917
Mike Pence,unfavorable,2022-07-21,51.501007
Mike Pence,favorable,2022-07-20,36.755917
Mike Pence,unfavorable,2022-07-20,51.501007
Mike Pence,favorable,2022-07-19,36.755917
Mike Pence,unfavorable,2022-07-19,51.501007
Mike Pence,favorable,2022-07-18,36.389935
Mike Pence,unfavorable,2022-07-18,50.025227
Mike Pence,favorable,2022-07-17,36.389935
Mike Pence,unfavorable,2022-07-17,50.025227
Mike Pence,favorable,2022-07-16,31.499292
Mike Pence,unfavorable,2022-07-16,51.616501
Mike Pence,favorable,2022-07-15,31.499292
Mike Pence,unfavorable,2022-07-15,51.616501
Mike Pence,favorable,2022-07-14,31.499292
Mike Pence,unfavorable,2022-07-14,51.616501
Mike Pence,favorable,2022-07-13,31.499292
Mike Pence,unfavorable,2022-07-13,51.616501
Mike Pence,favorable,2022-07-12,31.499292
Mike Pence,unfavorable,2022-07-12,51.616501
Mike Pence,favorable,2022-07-11,35.794739
Mike Pence,unfavorable,2022-07-11,52.031109
Mike Pence,favorable,2022-07-10,35.794739
Mike Pence,unfavorable,2022-07-10,52.031109
Mike Pence,favorable,2022-07-09,38.265766
Mike Pence,unfavorable,2022-07-09,43.985992
Mike Pence,favorable,2022-07-08,38.265766
Mike Pence,unfavorable,2022-07-08,43.985992
Mike Pence,favorable,2022-07-07,38.265766
Mike Pence,unfavorable,2022-07-07,43.985992
Mike Pence,favorable,2022-07-06,38.265766
Mike Pence,unfavorable,2022-07-06,43.985992
Mike Pence,favorable,2022-07-05,38.265766
Mike Pence,unfavorable,2022-07-05,43.985992
Mike Pence,favorable,2022-07-04,38.265766
Mike Pence,unfavorable,2022-07-04,43.985992
Mike Pence,favorable,2022-07-03,38.265766
Mike Pence,unfavorable,2022-07-03,43.985992
Mike Pence,favorable,2022-07-02,38.265766
Mike Pence,unfavorable,2022-07-02,43.985992
Mike Pence,favorable,2022-07-01,36.466103
Mike Pence,unfavorable,2022-07-01,44.065445
Mike Pence,favorable,2022-06-30,36.466103
Mike Pence,unfavorable,2022-06-30,44.065445
Mike Pence,favorable,2022-06-29,37.301395
Mike Pence,unfavorable,2022-06-29,49.745422
Mike Pence,favorable,2022-06-28,37.301395
Mike Pence,unfavorable,2022-06-28,49.745422
Mike Pence,favorable,2022-06-27,37.301395
Mike Pence,unfavorable,2022-06-27,49.745422
Mike Pence,favorable,2022-06-26,37.301395
Mike Pence,unfavorable,2022-06-26,49.745422
Mike Pence,favorable,2022-06-25,37.544086
Mike Pence,unfavorable,2022-06-25,49.503593
Mike Pence,favorable,2022-06-24,37.544086
Mike Pence,unfavorable,2022-06-24,49.503593
Mike Pence,favorable,2022-06-23,37.544086
Mike Pence,unfavorable,2022-06-23,49.503593
Mike Pence,favorable,2022-06-22,37.544086
Mike Pence,unfavorable,2022-06-22,49.503593
Mike Pence,favorable,2022-06-21,37.544086
Mike Pence,unfavorable,2022-06-21,49.503593
Mike Pence,favorable,2022-06-20,37.544086
Mike Pence,unfavorable,2022-06-20,49.503593
Mike Pence,favorable,2022-06-19,38.165279
Mike Pence,unfavorable,2022-06-19,48.9655
Mike Pence,favorable,2022-06-18,38.165279
Mike Pence,unfavorable,2022-06-18,48.9655
Mike Pence,favorable,2022-06-17,38.165279
Mike Pence,unfavorable,2022-06-17,48.9655
Mike Pence,favorable,2022-06-16,38.165279
Mike Pence,unfavorable,2022-06-16,48.9655
Mike Pence,favorable,2022-06-15,38.165279
Mike Pence,unfavorable,2022-06-15,48.9655
Mike Pence,favorable,2022-06-14,38.165279
Mike Pence,unfavorable,2022-06-14,48.9655
Mike Pence,favorable,2022-06-13,37.249393
Mike Pence,unfavorable,2022-06-13,49.098354
Mike Pence,favorable,2022-06-12,35.846489
Mike Pence,unfavorable,2022-06-12,49.994061
Mike Pence,favorable,2022-06-11,34.369297
Mike Pence,unfavorable,2022-06-11,52.032383
Mike Pence,favorable,2022-06-10,34.369297
Mike Pence,unfavorable,2022-06-10,52.032383
Mike Pence,favorable,2022-06-09,34.369297
Mike Pence,unfavorable,2022-06-09,52.032383
Mike Pence,favorable,2022-06-08,34.369297
Mike Pence,unfavorable,2022-06-08,52.032383
Mike Pence,favorable,2022-06-07,34.369297
Mike Pence,unfavorable,2022-06-07,52.032383
Mike Pence,favorable,2022-06-06,36.785007
Mike Pence,unfavorable,2022-06-06,49.594883
Mike Pence,favorable,2022-06-05,36.785007
Mike Pence,unfavorable,2022-06-05,49.594883
Mike Pence,favorable,2022-06-04,36.785007
Mike Pence,unfavorable,2022-06-04,49.594883
Mike Pence,favorable,2022-06-03,36.785007
Mike Pence,unfavorable,2022-06-03,49.594883
Mike Pence,favorable,2022-06-02,36.785007
Mike Pence,unfavorable,2022-06-02,49.594883
Mike Pence,favorable,2022-06-01,36.785007
Mike Pence,unfavorable,2022-06-01,49.594883
Mike Pence,favorable,2022-05-31,36.785007
Mike Pence,unfavorable,2022-05-31,49.594883
Mike Pence,favorable,2022-05-30,36.785007
Mike Pence,unfavorable,2022-05-30,49.594883
Mike Pence,favorable,2022-05-29,36.785007
Mike Pence,unfavorable,2022-05-29,49.594883
Mike Pence,favorable,2022-05-28,36.785007
Mike Pence,unfavorable,2022-05-28,49.594883
Mike Pence,favorable,2022-05-27,36.785007
Mike Pence,unfavorable,2022-05-27,49.594883
Mike Pence,favorable,2022-05-26,36.785007
Mike Pence,unfavorable,2022-05-26,49.594883
Mike Pence,favorable,2022-05-25,36.785007
Mike Pence,unfavorable,2022-05-25,49.594883
Mike Pence,favorable,2022-05-24,36.785007
Mike Pence,unfavorable,2022-05-24,49.594883
Mike Pence,favorable,2022-05-23,36.785007
Mike Pence,unfavorable,2022-05-23,49.594883
Mike Pence,favorable,2022-05-22,36.942181
Mike Pence,unfavorable,2022-05-22,47.65073
Mike Pence,favorable,2022-05-21,36.802998
Mike Pence,unfavorable,2022-05-21,46.031723
Mike Pence,favorable,2022-05-20,36.802998
Mike Pence,unfavorable,2022-05-20,46.031723
Mike Pence,favorable,2022-05-19,36.802998
Mike Pence,unfavorable,2022-05-19,46.031723
Mike Pence,favorable,2022-05-18,38.328129
Mike Pence,unfavorable,2022-05-18,49.741341
Mike Pence,favorable,2022-05-17,38.328129
Mike Pence,unfavorable,2022-05-17,49.741341
Mike Pence,favorable,2022-05-16,38.328129
Mike Pence,unfavorable,2022-05-16,49.741341
Mike Pence,favorable,2022-05-15,37.45739
Mike Pence,unfavorable,2022-05-15,49.824009
Mike Pence,favorable,2022-05-14,37.45739
Mike Pence,unfavorable,2022-05-14,49.824009
Mike Pence,favorable,2022-05-13,37.45739
Mike Pence,unfavorable,2022-05-13,49.824009
Mike Pence,favorable,2022-05-12,37.45739
Mike Pence,unfavorable,2022-05-12,49.824009
Mike Pence,favorable,2022-05-11,37.45739
Mike Pence,unfavorable,2022-05-11,49.824009
Mike Pence,favorable,2022-05-10,37.45739
Mike Pence,unfavorable,2022-05-10,49.824009
Mike Pence,favorable,2022-05-09,37.45739
Mike Pence,unfavorable,2022-05-09,49.824009
Mike Pence,favorable,2022-05-08,37.168362
Mike Pence,unfavorable,2022-05-08,47.102852
Mike Pence,favorable,2022-05-07,37.168362
Mike Pence,unfavorable,2022-05-07,47.102852
Mike Pence,favorable,2022-05-06,37.168362
Mike Pence,unfavorable,2022-05-06,47.102852
Mike Pence,favorable,2022-05-05,37.168362
Mike Pence,unfavorable,2022-05-05,47.102852
Mike Pence,favorable,2022-05-04,37.168362
Mike Pence,unfavorable,2022-05-04,47.102852
Mike Pence,favorable,2022-05-03,37.168362
Mike Pence,unfavorable,2022-05-03,47.102852
Mike Pence,favorable,2022-05-02,38.36237
Mike Pence,unfavorable,2022-05-02,47.822254
Mike Pence,favorable,2022-05-01,37.219723
Mike Pence,unfavorable,2022-05-01,48.236992
Mike Pence,favorable,2022-04-30,37.219723
Mike Pence,unfavorable,2022-04-30,48.236992
Mike Pence,favorable,2022-04-29,37.219723
Mike Pence,unfavorable,2022-04-29,48.236992
Mike Pence,favorable,2022-04-28,37.219723
Mike Pence,unfavorable,2022-04-28,48.236992
Mike Pence,favorable,2022-04-27,37.219723
Mike Pence,unfavorable,2022-04-27,48.236992
Mike Pence,favorable,2022-04-26,37.219723
Mike Pence,unfavorable,2022-04-26,48.236992
Mike Pence,favorable,2022-04-25,37.219723
Mike Pence,unfavorable,2022-04-25,48.236992
Mike Pence,favorable,2022-04-24,38.152222
Mike Pence,unfavorable,2022-04-24,45.676769
Mike Pence,favorable,2022-04-23,38.152222
Mike Pence,unfavorable,2022-04-23,45.676769
Mike Pence,favorable,2022-04-22,38.152222
Mike Pence,unfavorable,2022-04-22,45.676769
Mike Pence,favorable,2022-04-21,38.152222
Mike Pence,unfavorable,2022-04-21,45.676769
Mike Pence,favorable,2022-04-20,36.916691
Mike Pence,unfavorable,2022-04-20,47.907345
Mike Pence,favorable,2022-04-19,37.185978
Mike Pence,unfavorable,2022-04-19,50.053116
Mike Pence,favorable,2022-04-18,37.185978
Mike Pence,unfavorable,2022-04-18,50.053116
Mike Pence,favorable,2022-04-17,37.185978
Mike Pence,unfavorable,2022-04-17,50.053116
Mike Pence,favorable,2022-04-16,39.140869
Mike Pence,unfavorable,2022-04-16,47.618179
Mike Pence,favorable,2022-04-15,39.140869
Mike Pence,unfavorable,2022-04-15,47.618179
Mike Pence,favorable,2022-04-14,39.140869
Mike Pence,unfavorable,2022-04-14,47.618179
Mike Pence,favorable,2022-04-13,39.140869
Mike Pence,unfavorable,2022-04-13,47.618179
Mike Pence,favorable,2022-04-12,39.140869
Mike Pence,unfavorable,2022-04-12,47.618179
Mike Pence,favorable,2022-04-11,39.140869
Mike Pence,unfavorable,2022-04-11,47.618179
Mike Pence,favorable,2022-04-10,36.850044
Mike Pence,unfavorable,2022-04-10,51.286629
Mike Pence,favorable,2022-04-09,36.850044
Mike Pence,unfavorable,2022-04-09,51.286629
Mike Pence,favorable,2022-04-08,36.850044
Mike Pence,unfavorable,2022-04-08,51.286629
Mike Pence,favorable,2022-04-07,36.850044
Mike Pence,unfavorable,2022-04-07,51.286629
Mike Pence,favorable,2022-04-06,36.850044
Mike Pence,unfavorable,2022-04-06,51.286629
Mike Pence,favorable,2022-04-05,36.850044
Mike Pence,unfavorable,2022-04-05,51.286629
Mike Pence,favorable,2022-04-04,36.850044
Mike Pence,unfavorable,2022-04-04,51.286629
Mike Pence,favorable,2022-04-03,37.935211
Mike Pence,unfavorable,2022-04-03,48.648811
Mike Pence,favorable,2022-04-02,37.935211
Mike Pence,unfavorable,2022-04-02,48.648811
Mike Pence,favorable,2022-04-01,37.935211
Mike Pence,unfavorable,2022-04-01,48.648811
Mike Pence,favorable,2022-03-31,37.935211
Mike Pence,unfavorable,2022-03-31,48.648811
Mike Pence,favorable,2022-03-30,37.935211
Mike Pence,unfavorable,2022-03-30,48.648811
Mike Pence,favorable,2022-03-29,37.935211
Mike Pence,unfavorable,2022-03-29,48.648811
Mike Pence,favorable,2022-03-28,37.935211
Mike Pence,unfavorable,2022-03-28,48.648811
Mike Pence,favorable,2022-03-27,37.935211
Mike Pence,unfavorable,2022-03-27,48.648811
Mike Pence,favorable,2022-03-26,41.289394
Mike Pence,unfavorable,2022-03-26,43.483734
Mike Pence,favorable,2022-03-25,41.289394
Mike Pence,unfavorable,2022-03-25,43.483734
Mike Pence,favorable,2022-03-24,41.289394
Mike Pence,unfavorable,2022-03-24,43.483734
Mike Pence,favorable,2022-03-23,37.918892
Mike Pence,unfavorable,2022-03-23,47.36132
Mike Pence,favorable,2022-03-22,37.918892
Mike Pence,unfavorable,2022-03-22,47.36132
Mike Pence,favorable,2022-03-21,37.918892
Mike Pence,unfavorable,2022-03-21,47.36132
Mike Pence,favorable,2022-03-20,39.820545
Mike Pence,unfavorable,2022-03-20,47.591122
Mike Pence,favorable,2022-03-19,39.820545
Mike Pence,unfavorable,2022-03-19,47.591122
Mike Pence,favorable,2022-03-18,39.820545
Mike Pence,unfavorable,2022-03-18,47.591122
Mike Pence,favorable,2022-03-17,39.820545
Mike Pence,unfavorable,2022-03-17,47.591122
Mike Pence,favorable,2022-03-16,39.820545
Mike Pence,unfavorable,2022-03-16,47.591122
Mike Pence,favorable,2022-03-15,39.820545
Mike Pence,unfavorable,2022-03-15,47.591122
Mike Pence,favorable,2022-03-14,39.820545
Mike Pence,unfavorable,2022-03-14,47.591122
Mike Pence,favorable,2022-03-13,40.717609
Mike Pence,unfavorable,2022-03-13,44.280479
Mike Pence,favorable,2022-03-12,40.717609
Mike Pence,unfavorable,2022-03-12,44.280479
Mike Pence,favorable,2022-03-11,40.717609
Mike Pence,unfavorable,2022-03-11,44.280479
Mike Pence,favorable,2022-03-10,40.717609
Mike Pence,unfavorable,2022-03-10,44.280479
Mike Pence,favorable,2022-03-09,40.717609
Mike Pence,unfavorable,2022-03-09,44.280479
Mike Pence,favorable,2022-03-08,40.717609
Mike Pence,unfavorable,2022-03-08,44.280479
Mike Pence,favorable,2022-03-07,40.717609
Mike Pence,unfavorable,2022-03-07,44.280479
Mike Pence,favorable,2022-03-06,40.717609
Mike Pence,unfavorable,2022-03-06,44.280479
Mike Pence,favorable,2022-03-05,39.269302
Mike Pence,unfavorable,2022-03-05,48.522083
Mike Pence,favorable,2022-03-04,39.269302
Mike Pence,unfavorable,2022-03-04,48.522083
Mike Pence,favorable,2022-03-03,39.269302
Mike Pence,unfavorable,2022-03-03,48.522083
Mike Pence,favorable,2022-03-02,39.269302
Mike Pence,unfavorable,2022-03-02,48.522083
Mike Pence,favorable,2022-03-01,39.269302
Mike Pence,unfavorable,2022-03-01,48.522083
Mike Pence,favorable,2022-02-28,39.269302
Mike Pence,unfavorable,2022-02-28,48.522083
Mike Pence,favorable,2022-02-27,39.269302
Mike Pence,unfavorable,2022-02-27,48.522083
Mike Pence,favorable,2022-02-26,41.580063
Mike Pence,unfavorable,2022-02-26,41.955002
Mike Pence,favorable,2022-02-25,41.580063
Mike Pence,unfavorable,2022-02-25,41.955002
Mike Pence,favorable,2022-02-24,41.580063
Mike Pence,unfavorable,2022-02-24,41.955002
Mike Pence,favorable,2022-02-23,37.787922
Mike Pence,unfavorable,2022-02-23,48.769684
Mike Pence,favorable,2022-02-22,37.148495
Mike Pence,unfavorable,2022-02-22,49.214504
Mike Pence,favorable,2022-02-21,38.737255
Mike Pence,unfavorable,2022-02-21,50.069614
Mike Pence,favorable,2022-02-20,40.291374
Mike Pence,unfavorable,2022-02-20,52.68153
Mike Pence,favorable,2022-02-19,40.291374
Mike Pence,unfavorable,2022-02-19,52.68153
Mike Pence,favorable,2022-02-18,40.291374
Mike Pence,unfavorable,2022-02-18,52.68153
Mike Pence,favorable,2022-02-17,40.291374
Mike Pence,unfavorable,2022-02-17,52.68153
Mike Pence,favorable,2022-02-16,40.291374
Mike Pence,unfavorable,2022-02-16,52.68153
Mike Pence,favorable,2022-02-15,40.291374
Mike Pence,unfavorable,2022-02-15,52.68153
Mike Pence,favorable,2022-02-14,40.291374
Mike Pence,unfavorable,2022-02-14,52.68153
Mike Pence,favorable,2022-02-13,40.291374
Mike Pence,unfavorable,2022-02-13,52.68153
Mike Pence,favorable,2022-02-12,40.291374
Mike Pence,unfavorable,2022-02-12,52.68153
Mike Pence,favorable,2022-02-11,40.291374
Mike Pence,unfavorable,2022-02-11,52.68153
Mike Pence,favorable,2022-02-10,40.291374
Mike Pence,unfavorable,2022-02-10,52.68153
Mike Pence,favorable,2022-02-09,40.291374
Mike Pence,unfavorable,2022-02-09,52.68153
Mike Pence,favorable,2022-02-08,40.291374
Mike Pence,unfavorable,2022-02-08,52.68153
Mike Pence,favorable,2022-02-07,40.291374
Mike Pence,unfavorable,2022-02-07,52.68153
Mike Pence,favorable,2022-02-06,39.758659
Mike Pence,unfavorable,2022-02-06,48.62397
Mike Pence,favorable,2022-02-05,40.030109
Mike Pence,unfavorable,2022-02-05,46.730698
Mike Pence,favorable,2022-02-04,40.030109
Mike Pence,unfavorable,2022-02-04,46.730698
Mike Pence,favorable,2022-02-03,40.030109
Mike Pence,unfavorable,2022-02-03,46.730698
Mike Pence,favorable,2022-02-02,40.030109
Mike Pence,unfavorable,2022-02-02,46.730698
Mike Pence,favorable,2022-02-01,40.030109
Mike Pence,unfavorable,2022-02-01,46.730698
Mike Pence,favorable,2022-01-31,40.030109
Mike Pence,unfavorable,2022-01-31,46.730698
Mike Pence,favorable,2022-01-30,40.030109
Mike Pence,unfavorable,2022-01-30,46.730698
Mike Pence,favorable,2022-01-29,40.204681
Mike Pence,unfavorable,2022-01-29,46.75943
Mike Pence,favorable,2022-01-28,40.204681
Mike Pence,unfavorable,2022-01-28,46.75943
Mike Pence,favorable,2022-01-27,40.204681
Mike Pence,unfavorable,2022-01-27,46.75943
Mike Pence,favorable,2022-01-26,40.204681
Mike Pence,unfavorable,2022-01-26,46.75943
Mike Pence,favorable,2022-01-25,40.204681
Mike Pence,unfavorable,2022-01-25,46.75943
Mike Pence,favorable,2022-01-24,40.204681
Mike Pence,unfavorable,2022-01-24,46.75943
Mike Pence,favorable,2022-01-23,40.204681
Mike Pence,unfavorable,2022-01-23,46.75943
Mike Pence,favorable,2022-01-22,38.260956
Mike Pence,unfavorable,2022-01-22,44.386883
Mike Pence,favorable,2022-01-21,38.260956
Mike Pence,unfavorable,2022-01-21,44.386883