politician,response,date,pct_estimate
Nikki Haley,favorable,2023-06-26,27.12256941
Nikki Haley,unfavorable,2023-06-26,30.06438127
Nikki Haley,favorable,2023-06-25,27.12256941
Nikki Haley,unfavorable,2023-06-25,30.06438127
Nikki Haley,favorable,2023-06-24,27.12256941
Nikki Haley,unfavorable,2023-06-24,30.06438127
Nikki Haley,favorable,2023-06-23,27.12256941
Nikki Haley,unfavorable,2023-06-23,30.06438127
Nikki Haley,favorable,2023-06-22,35.75171815
Nikki Haley,unfavorable,2023-06-22,35.12948189
Nikki Haley,favorable,2023-06-21,35.75171815
Nikki Haley,unfavorable,2023-06-21,35.12948189
Nikki Haley,favorable,2023-06-20,30.87264838
Nikki Haley,unfavorable,2023-06-20,30.78629084
Nikki Haley,favorable,2023-06-19,30.87264838
Nikki Haley,unfavorable,2023-06-19,30.78629084
Nikki Haley,favorable,2023-06-18,30.87264838
Nikki Haley,unfavorable,2023-06-18,30.78629084
Nikki Haley,favorable,2023-06-17,30.87264838
Nikki Haley,unfavorable,2023-06-17,30.78629084
Nikki Haley,favorable,2023-06-16,30.87264838
Nikki Haley,unfavorable,2023-06-16,30.78629084
Nikki Haley,favorable,2023-06-15,30.87264838
Nikki Haley,unfavorable,2023-06-15,30.78629084
Nikki Haley,favorable,2023-06-14,30.25482285
Nikki Haley,unfavorable,2023-06-14,34.27886894
Nikki Haley,favorable,2023-06-13,32.14566641
Nikki Haley,unfavorable,2023-06-13,33.66414065
Nikki Haley,favorable,2023-06-12,30.58142982
Nikki Haley,unfavorable,2023-06-12,33.95015487
Nikki Haley,favorable,2023-06-11,30.58142982
Nikki Haley,unfavorable,2023-06-11,33.95015487
Nikki Haley,favorable,2023-06-10,30.58142982
Nikki Haley,unfavorable,2023-06-10,33.95015487
Nikki Haley,favorable,2023-06-09,30.58142982
Nikki Haley,unfavorable,2023-06-09,33.95015487
Nikki Haley,favorable,2023-06-08,30.58142982
Nikki Haley,unfavorable,2023-06-08,33.95015487
Nikki Haley,favorable,2023-06-07,30.58142982
Nikki Haley,unfavorable,2023-06-07,33.95015487
Nikki Haley,favorable,2023-06-06,30.58142982
Nikki Haley,unfavorable,2023-06-06,33.95015487
Nikki Haley,favorable,2023-06-05,30.58142982
Nikki Haley,unfavorable,2023-06-05,33.95015487
Nikki Haley,favorable,2023-06-04,30.58142982
Nikki Haley,unfavorable,2023-06-04,33.95015487
Nikki Haley,favorable,2023-06-03,30.58142982
Nikki Haley,unfavorable,2023-06-03,33.95015487
Nikki Haley,favorable,2023-06-02,30.58142982
Nikki Haley,unfavorable,2023-06-02,33.95015487
Nikki Haley,favorable,2023-06-01,30.58142982
Nikki Haley,unfavorable,2023-06-01,33.95015487
Nikki Haley,favorable,2023-05-31,29.83303724
Nikki Haley,unfavorable,2023-05-31,34.709831
Nikki Haley,favorable,2023-05-30,28.99632642
Nikki Haley,unfavorable,2023-05-30,30.21966684
Nikki Haley,favorable,2023-05-29,28.99632642
Nikki Haley,unfavorable,2023-05-29,30.21966684
Nikki Haley,favorable,2023-05-28,28.99632642
Nikki Haley,unfavorable,2023-05-28,30.21966684
Nikki Haley,favorable,2023-05-27,28.99632642
Nikki Haley,unfavorable,2023-05-27,30.21966684
Nikki Haley,favorable,2023-05-26,28.99632642
Nikki Haley,unfavorable,2023-05-26,30.21966684
Nikki Haley,favorable,2023-05-25,26.66416122
Nikki Haley,unfavorable,2023-05-25,28.74512823
Nikki Haley,favorable,2023-05-24,24.6206141
Nikki Haley,unfavorable,2023-05-24,28.32473874
Nikki Haley,favorable,2023-05-23,24.6206141
Nikki Haley,unfavorable,2023-05-23,28.32473874
Nikki Haley,favorable,2023-05-22,24.6206141
Nikki Haley,unfavorable,2023-05-22,28.32473874
Nikki Haley,favorable,2023-05-21,34.07339518
Nikki Haley,unfavorable,2023-05-21,29.62525285
Nikki Haley,favorable,2023-05-20,34.07339518
Nikki Haley,unfavorable,2023-05-20,29.62525285
Nikki Haley,favorable,2023-05-19,34.07339518
Nikki Haley,unfavorable,2023-05-19,29.62525285
Nikki Haley,favorable,2023-05-18,34.07339518
Nikki Haley,unfavorable,2023-05-18,29.62525285
Nikki Haley,favorable,2023-05-17,30.68020073
Nikki Haley,unfavorable,2023-05-17,35.06286188
Nikki Haley,favorable,2023-05-16,30.68020073
Nikki Haley,unfavorable,2023-05-16,35.06286188
Nikki Haley,favorable,2023-05-15,30.68020073
Nikki Haley,unfavorable,2023-05-15,35.06286188
Nikki Haley,favorable,2023-05-14,30.68020073
Nikki Haley,unfavorable,2023-05-14,35.06286188
Nikki Haley,favorable,2023-05-13,30.68020073
Nikki Haley,unfavorable,2023-05-13,35.06286188
Nikki Haley,favorable,2023-05-12,30.68020073
Nikki Haley,unfavorable,2023-05-12,35.06286188
Nikki Haley,favorable,2023-05-11,30.68020073
Nikki Haley,unfavorable,2023-05-11,35.06286188
Nikki Haley,favorable,2023-05-10,30.68020073
Nikki Haley,unfavorable,2023-05-10,35.06286188
Nikki Haley,favorable,2023-05-09,30.68020073
Nikki Haley,unfavorable,2023-05-09,35.06286188
Nikki Haley,favorable,2023-05-08,30.68020073
Nikki Haley,unfavorable,2023-05-08,35.06286188
Nikki Haley,favorable,2023-05-07,30.68020073
Nikki Haley,unfavorable,2023-05-07,35.06286188
Nikki Haley,favorable,2023-05-06,30.68020073
Nikki Haley,unfavorable,2023-05-06,35.06286188
Nikki Haley,favorable,2023-05-05,30.68020073
Nikki Haley,unfavorable,2023-05-05,35.06286188
Nikki Haley,favorable,2023-05-04,30.68020073
Nikki Haley,unfavorable,2023-05-04,35.06286188
Nikki Haley,favorable,2023-05-03,30.68020073
Nikki Haley,unfavorable,2023-05-03,35.06286188
Nikki Haley,favorable,2023-05-02,30.68020073
Nikki Haley,unfavorable,2023-05-02,35.06286188
Nikki Haley,favorable,2023-05-01,30.68020073
Nikki Haley,unfavorable,2023-05-01,35.06286188
Nikki Haley,favorable,2023-04-30,30.68020073
Nikki Haley,unfavorable,2023-04-30,35.06286188
Nikki Haley,favorable,2023-04-29,30.68020073
Nikki Haley,unfavorable,2023-04-29,35.06286188
Nikki Haley,favorable,2023-04-28,30.68020073
Nikki Haley,unfavorable,2023-04-28,35.06286188
Nikki Haley,favorable,2023-04-27,30.68020073
Nikki Haley,unfavorable,2023-04-27,35.06286188
Nikki Haley,favorable,2023-04-26,32.71692917
Nikki Haley,unfavorable,2023-04-26,34.16134371
Nikki Haley,favorable,2023-04-25,31.91228204
Nikki Haley,unfavorable,2023-04-25,30.5167031
Nikki Haley,favorable,2023-04-24,31.91228204
Nikki Haley,unfavorable,2023-04-24,30.5167031
Nikki Haley,favorable,2023-04-23,31.52490172
Nikki Haley,unfavorable,2023-04-23,30.21167008
Nikki Haley,favorable,2023-04-22,31.52490172
Nikki Haley,unfavorable,2023-04-22,30.21167008
Nikki Haley,favorable,2023-04-21,31.52490172
Nikki Haley,unfavorable,2023-04-21,30.21167008
Nikki Haley,favorable,2023-04-20,20.12057508
Nikki Haley,unfavorable,2023-04-20,30.28191212
Nikki Haley,favorable,2023-04-19,20.12057508
Nikki Haley,unfavorable,2023-04-19,30.28191212
Nikki Haley,favorable,2023-04-18,20.12057508
Nikki Haley,unfavorable,2023-04-18,30.28191212
Nikki Haley,favorable,2023-04-17,20.12057508
Nikki Haley,unfavorable,2023-04-17,30.28191212
Nikki Haley,favorable,2023-04-16,32.18590256
Nikki Haley,unfavorable,2023-04-16,33.37909338
Nikki Haley,favorable,2023-04-15,32.18590256
Nikki Haley,unfavorable,2023-04-15,33.37909338
Nikki Haley,favorable,2023-04-14,32.18590256
Nikki Haley,unfavorable,2023-04-14,33.37909338
Nikki Haley,favorable,2023-04-13,32.18590256
Nikki Haley,unfavorable,2023-04-13,33.37909338
Nikki Haley,favorable,2023-04-12,32.18590256
Nikki Haley,unfavorable,2023-04-12,33.37909338
Nikki Haley,favorable,2023-04-11,32.18590256
Nikki Haley,unfavorable,2023-04-11,33.37909338
Nikki Haley,favorable,2023-04-10,32.18590256
Nikki Haley,unfavorable,2023-04-10,33.37909338
Nikki Haley,favorable,2023-04-09,32.18590256
Nikki Haley,unfavorable,2023-04-09,33.37909338
Nikki Haley,favorable,2023-04-08,32.18590256
Nikki Haley,unfavorable,2023-04-08,33.37909338
Nikki Haley,favorable,2023-04-07,32.18590256
Nikki Haley,unfavorable,2023-04-07,33.37909338
Nikki Haley,favorable,2023-04-06,32.18590256
Nikki Haley,unfavorable,2023-04-06,33.37909338
Nikki Haley,favorable,2023-04-05,32.11853101
Nikki Haley,unfavorable,2023-04-05,33.46084941
Nikki Haley,favorable,2023-04-04,32.11853101
Nikki Haley,unfavorable,2023-04-04,33.46084941
Nikki Haley,favorable,2023-04-03,30.22212484
Nikki Haley,unfavorable,2023-04-03,27.1552638
Nikki Haley,favorable,2023-04-02,30.22212484
Nikki Haley,unfavorable,2023-04-02,27.1552638
Nikki Haley,favorable,2023-04-01,30.22212484
Nikki Haley,unfavorable,2023-04-01,27.1552638
Nikki Haley,favorable,2023-03-31,30.22212484
Nikki Haley,unfavorable,2023-03-31,27.1552638
Nikki Haley,favorable,2023-03-30,29.93490294
Nikki Haley,unfavorable,2023-03-30,27.19738755
Nikki Haley,favorable,2023-03-29,29.9659929
Nikki Haley,unfavorable,2023-03-29,27.15200623
Nikki Haley,favorable,2023-03-28,29.9659929
Nikki Haley,unfavorable,2023-03-28,27.15200623
Nikki Haley,favorable,2023-03-27,29.9659929
Nikki Haley,unfavorable,2023-03-27,27.15200623
Nikki Haley,favorable,2023-03-26,39.48620734
Nikki Haley,unfavorable,2023-03-26,29.37494512
Nikki Haley,favorable,2023-03-25,39.48620734
Nikki Haley,unfavorable,2023-03-25,29.37494512
Nikki Haley,favorable,2023-03-24,39.48620734
Nikki Haley,unfavorable,2023-03-24,29.37494512
Nikki Haley,favorable,2023-03-23,39.48620734
Nikki Haley,unfavorable,2023-03-23,29.37494512
Nikki Haley,favorable,2023-03-22,24.4127918
Nikki Haley,unfavorable,2023-03-22,28.64089641
Nikki Haley,favorable,2023-03-21,24.4127918
Nikki Haley,unfavorable,2023-03-21,28.64089641
Nikki Haley,favorable,2023-03-20,22.93946583
Nikki Haley,unfavorable,2023-03-20,29.59171895
Nikki Haley,favorable,2023-03-19,22.93946583
Nikki Haley,unfavorable,2023-03-19,29.59171895
Nikki Haley,favorable,2023-03-18,22.93946583
Nikki Haley,unfavorable,2023-03-18,29.59171895
Nikki Haley,favorable,2023-03-17,22.93946583
Nikki Haley,unfavorable,2023-03-17,29.59171895
Nikki Haley,favorable,2023-03-16,22.93946583
Nikki Haley,unfavorable,2023-03-16,29.59171895
Nikki Haley,favorable,2023-03-15,23.28086453
Nikki Haley,unfavorable,2023-03-15,29.98031502
Nikki Haley,favorable,2023-03-14,31.66525723
Nikki Haley,unfavorable,2023-03-14,23.84990963
Nikki Haley,favorable,2023-03-13,31.66525723
Nikki Haley,unfavorable,2023-03-13,23.84990963
Nikki Haley,favorable,2023-03-12,31.66525723
Nikki Haley,unfavorable,2023-03-12,23.84990963
Nikki Haley,favorable,2023-03-11,31.66525723
Nikki Haley,unfavorable,2023-03-11,23.84990963
Nikki Haley,favorable,2023-03-10,31.66525723
Nikki Haley,unfavorable,2023-03-10,23.84990963
Nikki Haley,favorable,2023-03-09,31.28956708
Nikki Haley,unfavorable,2023-03-09,23.82065036
Nikki Haley,favorable,2023-03-08,32.21514225
Nikki Haley,unfavorable,2023-03-08,24.06594943
Nikki Haley,favorable,2023-03-07,32.21514225
Nikki Haley,unfavorable,2023-03-07,24.06594943
Nikki Haley,favorable,2023-03-06,32.21514225
Nikki Haley,unfavorable,2023-03-06,24.06594943
Nikki Haley,favorable,2023-03-05,32.21514225
Nikki Haley,unfavorable,2023-03-05,24.06594943
Nikki Haley,favorable,2023-03-04,37.94252907
Nikki Haley,unfavorable,2023-03-04,30.49477894
Nikki Haley,favorable,2023-03-03,37.94252907
Nikki Haley,unfavorable,2023-03-03,30.49477894
Nikki Haley,favorable,2023-03-02,30.554596
Nikki Haley,unfavorable,2023-03-02,31.867365
Nikki Haley,favorable,2023-03-01,30.554596
Nikki Haley,unfavorable,2023-03-01,31.867365
Nikki Haley,favorable,2023-02-28,32.072136
Nikki Haley,unfavorable,2023-02-28,31.208378
Nikki Haley,favorable,2023-02-27,32.072136
Nikki Haley,unfavorable,2023-02-27,31.208378
Nikki Haley,favorable,2023-02-26,32.072136
Nikki Haley,unfavorable,2023-02-26,31.208378
Nikki Haley,favorable,2023-02-25,32.072136
Nikki Haley,unfavorable,2023-02-25,31.208378
Nikki Haley,favorable,2023-02-24,32.072136
Nikki Haley,unfavorable,2023-02-24,31.208378
Nikki Haley,favorable,2023-02-23,32.072136
Nikki Haley,unfavorable,2023-02-23,31.208378
Nikki Haley,favorable,2023-02-22,37.186359
Nikki Haley,unfavorable,2023-02-22,34.269276
Nikki Haley,favorable,2023-02-21,37.186359
Nikki Haley,unfavorable,2023-02-21,34.269276
Nikki Haley,favorable,2023-02-20,44.810303
Nikki Haley,unfavorable,2023-02-20,34.469246
Nikki Haley,favorable,2023-02-19,35.576958
Nikki Haley,unfavorable,2023-02-19,27.383696
Nikki Haley,favorable,2023-02-18,35.576958
Nikki Haley,unfavorable,2023-02-18,27.383696
Nikki Haley,favorable,2023-02-17,35.576958
Nikki Haley,unfavorable,2023-02-17,27.383696
Nikki Haley,favorable,2023-02-16,35.576958
Nikki Haley,unfavorable,2023-02-16,27.383696
Nikki Haley,favorable,2023-02-15,29.283199
Nikki Haley,unfavorable,2023-02-15,26.873518
Nikki Haley,favorable,2023-02-14,29.283199
Nikki Haley,unfavorable,2023-02-14,26.873518
Nikki Haley,favorable,2023-02-13,30.149645
Nikki Haley,unfavorable,2023-02-13,32.905293
Nikki Haley,favorable,2023-02-12,30.149645
Nikki Haley,unfavorable,2023-02-12,32.905293
Nikki Haley,favorable,2023-02-11,29.667959
Nikki Haley,unfavorable,2023-02-11,37.011444
Nikki Haley,favorable,2023-02-10,32.951969
Nikki Haley,unfavorable,2023-02-10,29.472567
Nikki Haley,favorable,2023-02-09,32.951969
Nikki Haley,unfavorable,2023-02-09,29.472567
Nikki Haley,favorable,2023-02-08,32.951969
Nikki Haley,unfavorable,2023-02-08,29.472567
Nikki Haley,favorable,2023-02-07,32.951969
Nikki Haley,unfavorable,2023-02-07,29.472567
Nikki Haley,favorable,2023-02-06,30.487793
Nikki Haley,unfavorable,2023-02-06,28.702703
Nikki Haley,favorable,2023-02-05,30.487793
Nikki Haley,unfavorable,2023-02-05,28.702703
Nikki Haley,favorable,2023-02-04,28.777405
Nikki Haley,unfavorable,2023-02-04,25.926027
Nikki Haley,favorable,2023-02-03,28.777405
Nikki Haley,unfavorable,2023-02-03,25.926027
Nikki Haley,favorable,2023-02-02,28.777405
Nikki Haley,unfavorable,2023-02-02,25.926027
Nikki Haley,favorable,2023-02-01,28.777405
Nikki Haley,unfavorable,2023-02-01,25.926027
Nikki Haley,favorable,2023-01-31,28.777405
Nikki Haley,unfavorable,2023-01-31,25.926027
Nikki Haley,favorable,2023-01-30,28.777405
Nikki Haley,unfavorable,2023-01-30,25.926027
Nikki Haley,favorable,2023-01-29,28.777405
Nikki Haley,unfavorable,2023-01-29,25.926027
Nikki Haley,favorable,2023-01-28,28.777405
Nikki Haley,unfavorable,2023-01-28,25.926027
Nikki Haley,favorable,2023-01-27,28.777405
Nikki Haley,unfavorable,2023-01-27,25.926027
Nikki Haley,favorable,2023-01-26,28.777405
Nikki Haley,unfavorable,2023-01-26,25.926027
Nikki Haley,favorable,2023-01-25,28.777405
Nikki Haley,unfavorable,2023-01-25,25.926027
Nikki Haley,favorable,2023-01-24,28.777405
Nikki Haley,unfavorable,2023-01-24,25.926027
Nikki Haley,favorable,2023-01-23,28.777405
Nikki Haley,unfavorable,2023-01-23,25.926027
Nikki Haley,favorable,2023-01-22,28.777405
Nikki Haley,unfavorable,2023-01-22,25.926027
Nikki Haley,favorable,2023-01-21,33.895592
Nikki Haley,unfavorable,2023-01-21,29.081352
Nikki Haley,favorable,2023-01-20,33.895592
Nikki Haley,unfavorable,2023-01-20,29.081352
Nikki Haley,favorable,2023-01-19,33.895592
Nikki Haley,unfavorable,2023-01-19,29.081352
Nikki Haley,favorable,2023-01-18,33.895592
Nikki Haley,unfavorable,2023-01-18,29.081352
Nikki Haley,favorable,2023-01-17,33.895592
Nikki Haley,unfavorable,2023-01-17,29.081352
Nikki Haley,favorable,2023-01-16,31.531979
Nikki Haley,unfavorable,2023-01-16,30.167356
Nikki Haley,favorable,2023-01-15,31.531979
Nikki Haley,unfavorable,2023-01-15,30.167356
Nikki Haley,favorable,2023-01-14,31.531979
Nikki Haley,unfavorable,2023-01-14,30.167356
Nikki Haley,favorable,2023-01-13,31.531979
Nikki Haley,unfavorable,2023-01-13,30.167356
Nikki Haley,favorable,2023-01-12,31.531979
Nikki Haley,unfavorable,2023-01-12,30.167356
Nikki Haley,favorable,2023-01-11,31.531979
Nikki Haley,unfavorable,2023-01-11,30.167356
Nikki Haley,favorable,2023-01-10,31.531979
Nikki Haley,unfavorable,2023-01-10,30.167356
Nikki Haley,favorable,2023-01-09,31.531979
Nikki Haley,unfavorable,2023-01-09,30.167356
Nikki Haley,favorable,2023-01-08,31.531979
Nikki Haley,unfavorable,2023-01-08,30.167356
Nikki Haley,favorable,2023-01-07,31.531979
Nikki Haley,unfavorable,2023-01-07,30.167356
Nikki Haley,favorable,2023-01-06,31.531979
Nikki Haley,unfavorable,2023-01-06,30.167356
Nikki Haley,favorable,2023-01-05,31.531979
Nikki Haley,unfavorable,2023-01-05,30.167356
Nikki Haley,favorable,2023-01-04,31.531979
Nikki Haley,unfavorable,2023-01-04,30.167356
Nikki Haley,favorable,2023-01-03,31.531979
Nikki Haley,unfavorable,2023-01-03,30.167356
Nikki Haley,favorable,2023-01-02,31.531979
Nikki Haley,unfavorable,2023-01-02,30.167356
Nikki Haley,favorable,2023-01-01,31.531979
Nikki Haley,unfavorable,2023-01-01,30.167356
Nikki Haley,favorable,2022-12-31,31.531979
Nikki Haley,unfavorable,2022-12-31,30.167356
Nikki Haley,favorable,2022-12-30,31.531979
Nikki Haley,unfavorable,2022-12-30,30.167356
Nikki Haley,favorable,2022-12-29,31.531979
Nikki Haley,unfavorable,2022-12-29,30.167356
Nikki Haley,favorable,2022-12-28,31.531979
Nikki Haley,unfavorable,2022-12-28,30.167356
Nikki Haley,favorable,2022-12-27,31.531979
Nikki Haley,unfavorable,2022-12-27,30.167356
Nikki Haley,favorable,2022-12-26,31.531979
Nikki Haley,unfavorable,2022-12-26,30.167356
Nikki Haley,favorable,2022-12-25,31.531979
Nikki Haley,unfavorable,2022-12-25,30.167356
Nikki Haley,favorable,2022-12-24,31.531979
Nikki Haley,unfavorable,2022-12-24,30.167356
Nikki Haley,favorable,2022-12-23,31.531979
Nikki Haley,unfavorable,2022-12-23,30.167356
Nikki Haley,favorable,2022-12-22,31.531979
Nikki Haley,unfavorable,2022-12-22,30.167356
Nikki Haley,favorable,2022-12-21,31.531979
Nikki Haley,unfavorable,2022-12-21,30.167356
Nikki Haley,favorable,2022-12-20,31.531979
Nikki Haley,unfavorable,2022-12-20,30.167356
Nikki Haley,favorable,2022-12-19,31.531979
Nikki Haley,unfavorable,2022-12-19,30.167356
Nikki Haley,favorable,2022-12-18,31.531979
Nikki Haley,unfavorable,2022-12-18,30.167356
Nikki Haley,favorable,2022-12-17,31.531979
Nikki Haley,unfavorable,2022-12-17,30.167356
Nikki Haley,favorable,2022-12-16,31.531979
Nikki Haley,unfavorable,2022-12-16,30.167356
Nikki Haley,favorable,2022-12-15,31.531979
Nikki Haley,unfavorable,2022-12-15,30.167356
Nikki Haley,favorable,2022-12-14,31.531979
Nikki Haley,unfavorable,2022-12-14,30.167356
Nikki Haley,favorable,2022-12-13,31.531979
Nikki Haley,unfavorable,2022-12-13,30.167356
Nikki Haley,favorable,2022-12-12,31.531979
Nikki Haley,unfavorable,2022-12-12,30.167356
Nikki Haley,favorable,2022-12-11,31.531979
Nikki Haley,unfavorable,2022-12-11,30.167356
Nikki Haley,favorable,2022-12-10,31.531979
Nikki Haley,unfavorable,2022-12-10,30.167356
Nikki Haley,favorable,2022-12-09,31.531979
Nikki Haley,unfavorable,2022-12-09,30.167356
Nikki Haley,favorable,2022-12-08,31.531979
Nikki Haley,unfavorable,2022-12-08,30.167356
Nikki Haley,favorable,2022-12-07,31.531979
Nikki Haley,unfavorable,2022-12-07,30.167356
Nikki Haley,favorable,2022-12-06,31.531979
Nikki Haley,unfavorable,2022-12-06,30.167356
Nikki Haley,favorable,2022-12-05,31.531979
Nikki Haley,unfavorable,2022-12-05,30.167356
Nikki Haley,favorable,2022-12-04,31.531979
Nikki Haley,unfavorable,2022-12-04,30.167356
Nikki Haley,favorable,2022-12-03,31.531979
Nikki Haley,unfavorable,2022-12-03,30.167356
Nikki Haley,favorable,2022-12-02,31.531979
Nikki Haley,unfavorable,2022-12-02,30.167356
Nikki Haley,favorable,2022-12-01,31.531979
Nikki Haley,unfavorable,2022-12-01,30.167356
Nikki Haley,favorable,2022-11-30,31.531979
Nikki Haley,unfavorable,2022-11-30,30.167356
Nikki Haley,favorable,2022-11-29,31.531979
Nikki Haley,unfavorable,2022-11-29,30.167356
Nikki Haley,favorable,2022-11-28,31.531979
Nikki Haley,unfavorable,2022-11-28,30.167356
Nikki Haley,favorable,2022-11-27,31.531979
Nikki Haley,unfavorable,2022-11-27,30.167356
Nikki Haley,favorable,2022-11-26,31.531979
Nikki Haley,unfavorable,2022-11-26,30.167356
Nikki Haley,favorable,2022-11-25,31.531979
Nikki Haley,unfavorable,2022-11-25,30.167356
Nikki Haley,favorable,2022-11-24,31.531979
Nikki Haley,unfavorable,2022-11-24,30.167356
Nikki Haley,favorable,2022-11-23,31.531979
Nikki Haley,unfavorable,2022-11-23,30.167356
Nikki Haley,favorable,2022-11-22,31.531979
Nikki Haley,unfavorable,2022-11-22,30.167356
Nikki Haley,favorable,2022-11-21,31.531979
Nikki Haley,unfavorable,2022-11-21,30.167356
Nikki Haley,favorable,2022-11-20,31.531979
Nikki Haley,unfavorable,2022-11-20,30.167356
Nikki Haley,favorable,2022-11-19,31.531979
Nikki Haley,unfavorable,2022-11-19,30.167356
Nikki Haley,favorable,2022-11-18,31.531979
Nikki Haley,unfavorable,2022-11-18,30.167356
Nikki Haley,favorable,2022-11-17,31.531979
Nikki Haley,unfavorable,2022-11-17,30.167356
Nikki Haley,favorable,2022-11-16,31.531979
Nikki Haley,unfavorable,2022-11-16,30.167356
Nikki Haley,favorable,2022-11-15,31.531979
Nikki Haley,unfavorable,2022-11-15,30.167356
Nikki Haley,favorable,2022-11-14,25.112827
Nikki Haley,unfavorable,2022-11-14,27.281221
Nikki Haley,favorable,2022-11-13,25.112827
Nikki Haley,unfavorable,2022-11-13,27.281221
Nikki Haley,favorable,2022-11-12,25.112827
Nikki Haley,unfavorable,2022-11-12,27.281221
Nikki Haley,favorable,2022-11-11,25.112827
Nikki Haley,unfavorable,2022-11-11,27.281221
Nikki Haley,favorable,2022-11-10,25.112827
Nikki Haley,unfavorable,2022-11-10,27.281221
Nikki Haley,favorable,2022-11-09,25.112827
Nikki Haley,unfavorable,2022-11-09,27.281221
Nikki Haley,favorable,2022-11-08,25.112827
Nikki Haley,unfavorable,2022-11-08,27.281221
Nikki Haley,favorable,2022-11-07,25.112827
Nikki Haley,unfavorable,2022-11-07,27.281221
Nikki Haley,favorable,2022-11-06,25.051231
Nikki Haley,unfavorable,2022-11-06,25.088543
Nikki Haley,favorable,2022-11-05,25.051231
Nikki Haley,unfavorable,2022-11-05,25.088543
Nikki Haley,favorable,2022-11-04,25.051231
Nikki Haley,unfavorable,2022-11-04,25.088543
Nikki Haley,favorable,2022-11-03,25.051231
Nikki Haley,unfavorable,2022-11-03,25.088543
Nikki Haley,favorable,2022-11-02,25.051231
Nikki Haley,unfavorable,2022-11-02,25.088543
Nikki Haley,favorable,2022-11-01,25.051231
Nikki Haley,unfavorable,2022-11-01,25.088543
Nikki Haley,favorable,2022-10-31,25.051231
Nikki Haley,unfavorable,2022-10-31,25.088543
Nikki Haley,favorable,2022-10-30,25.051231
Nikki Haley,unfavorable,2022-10-30,25.088543
Nikki Haley,favorable,2022-10-29,25.051231
Nikki Haley,unfavorable,2022-10-29,25.088543
Nikki Haley,favorable,2022-10-28,25.051231
Nikki Haley,unfavorable,2022-10-28,25.088543
Nikki Haley,favorable,2022-10-27,25.051231
Nikki Haley,unfavorable,2022-10-27,25.088543
Nikki Haley,favorable,2022-10-26,25.051231
Nikki Haley,unfavorable,2022-10-26,25.088543
Nikki Haley,favorable,2022-10-25,25.051231
Nikki Haley,unfavorable,2022-10-25,25.088543
Nikki Haley,favorable,2022-10-24,25.051231
Nikki Haley,unfavorable,2022-10-24,25.088543
Nikki Haley,favorable,2022-10-23,25.6001
Nikki Haley,unfavorable,2022-10-23,26.123379
Nikki Haley,favorable,2022-10-22,25.6001
Nikki Haley,unfavorable,2022-10-22,26.123379
Nikki Haley,favorable,2022-10-21,25.6001
Nikki Haley,unfavorable,2022-10-21,26.123379
Nikki Haley,favorable,2022-10-20,25.6001
Nikki Haley,unfavorable,2022-10-20,26.123379
Nikki Haley,favorable,2022-10-19,25.6001
Nikki Haley,unfavorable,2022-10-19,26.123379
Nikki Haley,favorable,2022-10-18,25.6001
Nikki Haley,unfavorable,2022-10-18,26.123379
Nikki Haley,favorable,2022-10-17,25.6001
Nikki Haley,unfavorable,2022-10-17,26.123379
Nikki Haley,favorable,2022-10-16,25.6001
Nikki Haley,unfavorable,2022-10-16,26.123379
Nikki Haley,favorable,2022-10-15,25.6001
Nikki Haley,unfavorable,2022-10-15,26.123379
Nikki Haley,favorable,2022-10-14,25.6001
Nikki Haley,unfavorable,2022-10-14,26.123379
Nikki Haley,favorable,2022-10-13,25.6001
Nikki Haley,unfavorable,2022-10-13,26.123379
Nikki Haley,favorable,2022-10-12,25.6001
Nikki Haley,unfavorable,2022-10-12,26.123379