politician,response,date,pct_estimate
Ron DeSantis,favorable,2023-06-26,35.12478441
Ron DeSantis,unfavorable,2023-06-26,44.46707648
Ron DeSantis,favorable,2023-06-25,33.55156005
Ron DeSantis,unfavorable,2023-06-25,44.96479543
Ron DeSantis,favorable,2023-06-24,33.55156005
Ron DeSantis,unfavorable,2023-06-24,44.96479543
Ron DeSantis,favorable,2023-06-23,33.55156005
Ron DeSantis,unfavorable,2023-06-23,44.96479543
Ron DeSantis,favorable,2023-06-22,35.9057562
Ron DeSantis,unfavorable,2023-06-22,44.12227431
Ron DeSantis,favorable,2023-06-21,35.9057562
Ron DeSantis,unfavorable,2023-06-21,44.12227431
Ron DeSantis,favorable,2023-06-20,38.05727258
Ron DeSantis,unfavorable,2023-06-20,44.20298725
Ron DeSantis,favorable,2023-06-19,38.05727258
Ron DeSantis,unfavorable,2023-06-19,44.20298725
Ron DeSantis,favorable,2023-06-18,38.05727258
Ron DeSantis,unfavorable,2023-06-18,44.20298725
Ron DeSantis,favorable,2023-06-17,38.05727258
Ron DeSantis,unfavorable,2023-06-17,44.20298725
Ron DeSantis,favorable,2023-06-16,36.09598535
Ron DeSantis,unfavorable,2023-06-16,48.13947071
Ron DeSantis,favorable,2023-06-15,36.05346134
Ron DeSantis,unfavorable,2023-06-15,48.17300632
Ron DeSantis,favorable,2023-06-14,36.43469825
Ron DeSantis,unfavorable,2023-06-14,48.04729484
Ron DeSantis,favorable,2023-06-13,38.15516008
Ron DeSantis,unfavorable,2023-06-13,46.41759226
Ron DeSantis,favorable,2023-06-12,37.33028771
Ron DeSantis,unfavorable,2023-06-12,46.38107931
Ron DeSantis,favorable,2023-06-11,37.33028771
Ron DeSantis,unfavorable,2023-06-11,46.38107931
Ron DeSantis,favorable,2023-06-10,37.33028771
Ron DeSantis,unfavorable,2023-06-10,46.38107931
Ron DeSantis,favorable,2023-06-09,37.33028771
Ron DeSantis,unfavorable,2023-06-09,46.38107931
Ron DeSantis,favorable,2023-06-08,37.33028771
Ron DeSantis,unfavorable,2023-06-08,46.38107931
Ron DeSantis,favorable,2023-06-07,37.33028771
Ron DeSantis,unfavorable,2023-06-07,46.38107931
Ron DeSantis,favorable,2023-06-06,37.33028771
Ron DeSantis,unfavorable,2023-06-06,46.38107931
Ron DeSantis,favorable,2023-06-05,39.63153651
Ron DeSantis,unfavorable,2023-06-05,44.35168627
Ron DeSantis,favorable,2023-06-04,39.63153651
Ron DeSantis,unfavorable,2023-06-04,44.35168627
Ron DeSantis,favorable,2023-06-03,39.63153651
Ron DeSantis,unfavorable,2023-06-03,44.35168627
Ron DeSantis,favorable,2023-06-02,37.01360284
Ron DeSantis,unfavorable,2023-06-02,44.20209294
Ron DeSantis,favorable,2023-06-01,37.88724256
Ron DeSantis,unfavorable,2023-06-01,44.4680314
Ron DeSantis,favorable,2023-05-31,37.1813491
Ron DeSantis,unfavorable,2023-05-31,44.8559421
Ron DeSantis,favorable,2023-05-30,38.48301435
Ron DeSantis,unfavorable,2023-05-30,43.49586929
Ron DeSantis,favorable,2023-05-29,38.48301435
Ron DeSantis,unfavorable,2023-05-29,43.49586929
Ron DeSantis,favorable,2023-05-28,38.48301435
Ron DeSantis,unfavorable,2023-05-28,43.49586929
Ron DeSantis,favorable,2023-05-27,38.48301435
Ron DeSantis,unfavorable,2023-05-27,43.49586929
Ron DeSantis,favorable,2023-05-26,38.48301435
Ron DeSantis,unfavorable,2023-05-26,43.49586929
Ron DeSantis,favorable,2023-05-25,40.95622716
Ron DeSantis,unfavorable,2023-05-25,41.02113305
Ron DeSantis,favorable,2023-05-24,41.18041387
Ron DeSantis,unfavorable,2023-05-24,40.96993489
Ron DeSantis,favorable,2023-05-23,43.65763657
Ron DeSantis,unfavorable,2023-05-23,39.22702473
Ron DeSantis,favorable,2023-05-22,42.40560251
Ron DeSantis,unfavorable,2023-05-22,39.59255741
Ron DeSantis,favorable,2023-05-21,42.40560251
Ron DeSantis,unfavorable,2023-05-21,39.59255741
Ron DeSantis,favorable,2023-05-20,42.40560251
Ron DeSantis,unfavorable,2023-05-20,39.59255741
Ron DeSantis,favorable,2023-05-19,42.40560251
Ron DeSantis,unfavorable,2023-05-19,39.59255741
Ron DeSantis,favorable,2023-05-18,42.40560251
Ron DeSantis,unfavorable,2023-05-18,39.59255741
Ron DeSantis,favorable,2023-05-17,42.17541357
Ron DeSantis,unfavorable,2023-05-17,40.53752738
Ron DeSantis,favorable,2023-05-16,42.17541357
Ron DeSantis,unfavorable,2023-05-16,40.53752738
Ron DeSantis,favorable,2023-05-15,43.10387677
Ron DeSantis,unfavorable,2023-05-15,40.75564183
Ron DeSantis,favorable,2023-05-14,43.10387677
Ron DeSantis,unfavorable,2023-05-14,40.75564183
Ron DeSantis,favorable,2023-05-13,43.10387677
Ron DeSantis,unfavorable,2023-05-13,40.75564183
Ron DeSantis,favorable,2023-05-12,43.10387677
Ron DeSantis,unfavorable,2023-05-12,40.75564183
Ron DeSantis,favorable,2023-05-11,43.10387677
Ron DeSantis,unfavorable,2023-05-11,40.75564183
Ron DeSantis,favorable,2023-05-10,43.10387677
Ron DeSantis,unfavorable,2023-05-10,40.75564183
Ron DeSantis,favorable,2023-05-09,43.10387677
Ron DeSantis,unfavorable,2023-05-09,40.75564183
Ron DeSantis,favorable,2023-05-08,42.87697624
Ron DeSantis,unfavorable,2023-05-08,40.83621893
Ron DeSantis,favorable,2023-05-07,42.87697624
Ron DeSantis,unfavorable,2023-05-07,40.83621893
Ron DeSantis,favorable,2023-05-06,42.87697624
Ron DeSantis,unfavorable,2023-05-06,40.83621893
Ron DeSantis,favorable,2023-05-05,42.87697624
Ron DeSantis,unfavorable,2023-05-05,40.83621893
Ron DeSantis,favorable,2023-05-04,45.05997723
Ron DeSantis,unfavorable,2023-05-04,39.62680851
Ron DeSantis,favorable,2023-05-03,45.28901867
Ron DeSantis,unfavorable,2023-05-03,39.51322702
Ron DeSantis,favorable,2023-05-02,39.86050462
Ron DeSantis,unfavorable,2023-05-02,42.86083042
Ron DeSantis,favorable,2023-05-01,39.15784905
Ron DeSantis,unfavorable,2023-05-01,44.09130201
Ron DeSantis,favorable,2023-04-30,39.15784905
Ron DeSantis,unfavorable,2023-04-30,44.09130201
Ron DeSantis,favorable,2023-04-29,39.15784905
Ron DeSantis,unfavorable,2023-04-29,44.09130201
Ron DeSantis,favorable,2023-04-28,39.15784905
Ron DeSantis,unfavorable,2023-04-28,44.09130201
Ron DeSantis,favorable,2023-04-27,40.52764207
Ron DeSantis,unfavorable,2023-04-27,43.2309186
Ron DeSantis,favorable,2023-04-26,40.88726029
Ron DeSantis,unfavorable,2023-04-26,42.4313299
Ron DeSantis,favorable,2023-04-25,40.7488779
Ron DeSantis,unfavorable,2023-04-25,39.76824827
Ron DeSantis,favorable,2023-04-24,40.7488779
Ron DeSantis,unfavorable,2023-04-24,39.76824827
Ron DeSantis,favorable,2023-04-23,40.85019616
Ron DeSantis,unfavorable,2023-04-23,39.80847593
Ron DeSantis,favorable,2023-04-22,40.85019616
Ron DeSantis,unfavorable,2023-04-22,39.80847593
Ron DeSantis,favorable,2023-04-21,40.85019616
Ron DeSantis,unfavorable,2023-04-21,39.80847593
Ron DeSantis,favorable,2023-04-20,38.01864699
Ron DeSantis,unfavorable,2023-04-20,40.25815604
Ron DeSantis,favorable,2023-04-19,40.58614642
Ron DeSantis,unfavorable,2023-04-19,38.88380872
Ron DeSantis,favorable,2023-04-18,40.58614642
Ron DeSantis,unfavorable,2023-04-18,38.88380872
Ron DeSantis,favorable,2023-04-17,39.48532246
Ron DeSantis,unfavorable,2023-04-17,40.36370186
Ron DeSantis,favorable,2023-04-16,39.48532246
Ron DeSantis,unfavorable,2023-04-16,40.36370186
Ron DeSantis,favorable,2023-04-15,39.48532246
Ron DeSantis,unfavorable,2023-04-15,40.36370186
Ron DeSantis,favorable,2023-04-14,39.48532246
Ron DeSantis,unfavorable,2023-04-14,40.36370186
Ron DeSantis,favorable,2023-04-13,39.48532246
Ron DeSantis,unfavorable,2023-04-13,40.36370186
Ron DeSantis,favorable,2023-04-12,39.55011759
Ron DeSantis,unfavorable,2023-04-12,40.31407502
Ron DeSantis,favorable,2023-04-11,39.55011759
Ron DeSantis,unfavorable,2023-04-11,40.31407502
Ron DeSantis,favorable,2023-04-10,39.7198011
Ron DeSantis,unfavorable,2023-04-10,39.94938375
Ron DeSantis,favorable,2023-04-09,39.7198011
Ron DeSantis,unfavorable,2023-04-09,39.94938375
Ron DeSantis,favorable,2023-04-08,39.7198011
Ron DeSantis,unfavorable,2023-04-08,39.94938375
Ron DeSantis,favorable,2023-04-07,39.7198011
Ron DeSantis,unfavorable,2023-04-07,39.94938375
Ron DeSantis,favorable,2023-04-06,39.7198011
Ron DeSantis,unfavorable,2023-04-06,39.94938375
Ron DeSantis,favorable,2023-04-05,39.7198011
Ron DeSantis,unfavorable,2023-04-05,39.94938375
Ron DeSantis,favorable,2023-04-04,39.7198011
Ron DeSantis,unfavorable,2023-04-04,39.94938375
Ron DeSantis,favorable,2023-04-03,40.37442301
Ron DeSantis,unfavorable,2023-04-03,40.1409304
Ron DeSantis,favorable,2023-04-02,40.37442301
Ron DeSantis,unfavorable,2023-04-02,40.1409304
Ron DeSantis,favorable,2023-04-01,40.37442301
Ron DeSantis,unfavorable,2023-04-01,40.1409304
Ron DeSantis,favorable,2023-03-31,40.37442301
Ron DeSantis,unfavorable,2023-03-31,40.1409304
Ron DeSantis,favorable,2023-03-30,41.0949409
Ron DeSantis,unfavorable,2023-03-30,37.71106218
Ron DeSantis,favorable,2023-03-29,41.21589054
Ron DeSantis,unfavorable,2023-03-29,37.63647161
Ron DeSantis,favorable,2023-03-28,42.74809753
Ron DeSantis,unfavorable,2023-03-28,36.75582133
Ron DeSantis,favorable,2023-03-27,42.77731906
Ron DeSantis,unfavorable,2023-03-27,37.0616017
Ron DeSantis,favorable,2023-03-26,42.77731906
Ron DeSantis,unfavorable,2023-03-26,37.0616017
Ron DeSantis,favorable,2023-03-25,42.77731906
Ron DeSantis,unfavorable,2023-03-25,37.0616017
Ron DeSantis,favorable,2023-03-24,42.77731906
Ron DeSantis,unfavorable,2023-03-24,37.0616017
Ron DeSantis,favorable,2023-03-23,42.77731906
Ron DeSantis,unfavorable,2023-03-23,37.0616017
Ron DeSantis,favorable,2023-03-22,39.37914417
Ron DeSantis,unfavorable,2023-03-22,38.98796843
Ron DeSantis,favorable,2023-03-21,38.93404756
Ron DeSantis,unfavorable,2023-03-21,39.74024739
Ron DeSantis,favorable,2023-03-20,39.77112719
Ron DeSantis,unfavorable,2023-03-20,37.94227188
Ron DeSantis,favorable,2023-03-19,39.77112719
Ron DeSantis,unfavorable,2023-03-19,37.94227188
Ron DeSantis,favorable,2023-03-18,39.77112719
Ron DeSantis,unfavorable,2023-03-18,37.94227188
Ron DeSantis,favorable,2023-03-17,39.77112719
Ron DeSantis,unfavorable,2023-03-17,37.94227188
Ron DeSantis,favorable,2023-03-16,39.77112719
Ron DeSantis,unfavorable,2023-03-16,37.94227188
Ron DeSantis,favorable,2023-03-15,40.18045275
Ron DeSantis,unfavorable,2023-03-15,38.43029005
Ron DeSantis,favorable,2023-03-14,40.52806673
Ron DeSantis,unfavorable,2023-03-14,36.67428985
Ron DeSantis,favorable,2023-03-13,40.52806673
Ron DeSantis,unfavorable,2023-03-13,36.67428985
Ron DeSantis,favorable,2023-03-12,40.52806673
Ron DeSantis,unfavorable,2023-03-12,36.67428985
Ron DeSantis,favorable,2023-03-11,40.52806673
Ron DeSantis,unfavorable,2023-03-11,36.67428985
Ron DeSantis,favorable,2023-03-10,40.52806673
Ron DeSantis,unfavorable,2023-03-10,36.67428985
Ron DeSantis,favorable,2023-03-09,40.24690128
Ron DeSantis,unfavorable,2023-03-09,36.78005173
Ron DeSantis,favorable,2023-03-08,40.98512095
Ron DeSantis,unfavorable,2023-03-08,36.86082424
Ron DeSantis,favorable,2023-03-07,40.98512095
Ron DeSantis,unfavorable,2023-03-07,36.86082424
Ron DeSantis,favorable,2023-03-06,41.64333029
Ron DeSantis,unfavorable,2023-03-06,35.47387725
Ron DeSantis,favorable,2023-03-05,43.81223541
Ron DeSantis,unfavorable,2023-03-05,35.54649909
Ron DeSantis,favorable,2023-03-04,43.81223541
Ron DeSantis,unfavorable,2023-03-04,35.54649909
Ron DeSantis,favorable,2023-03-03,43.78466891
Ron DeSantis,unfavorable,2023-03-03,35.56578033
Ron DeSantis,favorable,2023-03-02,39.88623
Ron DeSantis,unfavorable,2023-03-02,37.430317
Ron DeSantis,favorable,2023-03-01,39.88623
Ron DeSantis,unfavorable,2023-03-01,37.430317
Ron DeSantis,favorable,2023-02-28,40.651573
Ron DeSantis,unfavorable,2023-02-28,37.989704
Ron DeSantis,favorable,2023-02-27,40.651573
Ron DeSantis,unfavorable,2023-02-27,37.989704
Ron DeSantis,favorable,2023-02-26,40.651573
Ron DeSantis,unfavorable,2023-02-26,37.989704
Ron DeSantis,favorable,2023-02-25,40.651573
Ron DeSantis,unfavorable,2023-02-25,37.989704
Ron DeSantis,favorable,2023-02-24,40.651573
Ron DeSantis,unfavorable,2023-02-24,37.989704
Ron DeSantis,favorable,2023-02-23,40.651573
Ron DeSantis,unfavorable,2023-02-23,37.989704
Ron DeSantis,favorable,2023-02-22,40.883015
Ron DeSantis,unfavorable,2023-02-22,36.337894
Ron DeSantis,favorable,2023-02-21,40.883015
Ron DeSantis,unfavorable,2023-02-21,36.337894
Ron DeSantis,favorable,2023-02-20,40.741539
Ron DeSantis,unfavorable,2023-02-20,35.837471
Ron DeSantis,favorable,2023-02-19,40.741539
Ron DeSantis,unfavorable,2023-02-19,35.837471
Ron DeSantis,favorable,2023-02-18,40.741539
Ron DeSantis,unfavorable,2023-02-18,35.837471
Ron DeSantis,favorable,2023-02-17,40.741539
Ron DeSantis,unfavorable,2023-02-17,35.837471
Ron DeSantis,favorable,2023-02-16,40.741539
Ron DeSantis,unfavorable,2023-02-16,35.837471
Ron DeSantis,favorable,2023-02-15,39.705112
Ron DeSantis,unfavorable,2023-02-15,38.205135
Ron DeSantis,favorable,2023-02-14,39.705112
Ron DeSantis,unfavorable,2023-02-14,38.205135
Ron DeSantis,favorable,2023-02-13,41.81757
Ron DeSantis,unfavorable,2023-02-13,41.057716
Ron DeSantis,favorable,2023-02-12,43.181377
Ron DeSantis,unfavorable,2023-02-12,41.690247
Ron DeSantis,favorable,2023-02-11,39.581184
Ron DeSantis,unfavorable,2023-02-11,41.873894
Ron DeSantis,favorable,2023-02-10,41.354324
Ron DeSantis,unfavorable,2023-02-10,35.894997
Ron DeSantis,favorable,2023-02-09,41.354324
Ron DeSantis,unfavorable,2023-02-09,35.894997
Ron DeSantis,favorable,2023-02-08,41.354324
Ron DeSantis,unfavorable,2023-02-08,35.894997
Ron DeSantis,favorable,2023-02-07,41.354324
Ron DeSantis,unfavorable,2023-02-07,35.894997
Ron DeSantis,favorable,2023-02-06,39.831646
Ron DeSantis,unfavorable,2023-02-06,36.744446
Ron DeSantis,favorable,2023-02-05,39.831646
Ron DeSantis,unfavorable,2023-02-05,36.744446
Ron DeSantis,favorable,2023-02-04,38.538757
Ron DeSantis,unfavorable,2023-02-04,37.405849
Ron DeSantis,favorable,2023-02-03,38.538757
Ron DeSantis,unfavorable,2023-02-03,37.405849
Ron DeSantis,favorable,2023-02-02,38.538757
Ron DeSantis,unfavorable,2023-02-02,37.405849
Ron DeSantis,favorable,2023-02-01,38.538757
Ron DeSantis,unfavorable,2023-02-01,37.405849
Ron DeSantis,favorable,2023-01-31,38.538757
Ron DeSantis,unfavorable,2023-01-31,37.405849
Ron DeSantis,favorable,2023-01-30,41.940559
Ron DeSantis,unfavorable,2023-01-30,36.116325
Ron DeSantis,favorable,2023-01-29,41.940559
Ron DeSantis,unfavorable,2023-01-29,36.116325
Ron DeSantis,favorable,2023-01-28,41.940559
Ron DeSantis,unfavorable,2023-01-28,36.116325
Ron DeSantis,favorable,2023-01-27,41.940559
Ron DeSantis,unfavorable,2023-01-27,36.116325
Ron DeSantis,favorable,2023-01-26,41.940559
Ron DeSantis,unfavorable,2023-01-26,36.116325
Ron DeSantis,favorable,2023-01-25,41.940559
Ron DeSantis,unfavorable,2023-01-25,36.116325
Ron DeSantis,favorable,2023-01-24,43.111645
Ron DeSantis,unfavorable,2023-01-24,35.11351
Ron DeSantis,favorable,2023-01-23,43.111645
Ron DeSantis,unfavorable,2023-01-23,35.11351
Ron DeSantis,favorable,2023-01-22,43.111645
Ron DeSantis,unfavorable,2023-01-22,35.11351
Ron DeSantis,favorable,2023-01-21,44.536003
Ron DeSantis,unfavorable,2023-01-21,34.691994
Ron DeSantis,favorable,2023-01-20,44.536003
Ron DeSantis,unfavorable,2023-01-20,34.691994
Ron DeSantis,favorable,2023-01-19,42.822132
Ron DeSantis,unfavorable,2023-01-19,34.816284
Ron DeSantis,favorable,2023-01-18,42.817226
Ron DeSantis,unfavorable,2023-01-18,35.846859
Ron DeSantis,favorable,2023-01-17,42.797657
Ron DeSantis,unfavorable,2023-01-17,35.275558
Ron DeSantis,favorable,2023-01-16,40.710339
Ron DeSantis,unfavorable,2023-01-16,36.487625
Ron DeSantis,favorable,2023-01-15,40.710339
Ron DeSantis,unfavorable,2023-01-15,36.487625
Ron DeSantis,favorable,2023-01-14,40.710339
Ron DeSantis,unfavorable,2023-01-14,36.487625
Ron DeSantis,favorable,2023-01-13,40.710339
Ron DeSantis,unfavorable,2023-01-13,36.487625
Ron DeSantis,favorable,2023-01-12,40.710339
Ron DeSantis,unfavorable,2023-01-12,36.487625
Ron DeSantis,favorable,2023-01-11,40.710339
Ron DeSantis,unfavorable,2023-01-11,36.487625
Ron DeSantis,favorable,2023-01-10,40.710339
Ron DeSantis,unfavorable,2023-01-10,36.487625
Ron DeSantis,favorable,2023-01-09,40.710339
Ron DeSantis,unfavorable,2023-01-09,36.487625
Ron DeSantis,favorable,2023-01-08,40.710339
Ron DeSantis,unfavorable,2023-01-08,36.487625
Ron DeSantis,favorable,2023-01-07,40.23856
Ron DeSantis,unfavorable,2023-01-07,35.366776
Ron DeSantis,favorable,2023-01-06,40.23856
Ron DeSantis,unfavorable,2023-01-06,35.366776
Ron DeSantis,favorable,2023-01-05,40.23856
Ron DeSantis,unfavorable,2023-01-05,35.366776
Ron DeSantis,favorable,2023-01-04,40.23856
Ron DeSantis,unfavorable,2023-01-04,35.366776
Ron DeSantis,favorable,2023-01-03,40.23856
Ron DeSantis,unfavorable,2023-01-03,35.366776
Ron DeSantis,favorable,2023-01-02,40.23856
Ron DeSantis,unfavorable,2023-01-02,35.366776
Ron DeSantis,favorable,2023-01-01,40.23856
Ron DeSantis,unfavorable,2023-01-01,35.366776
Ron DeSantis,favorable,2022-12-31,40.23856
Ron DeSantis,unfavorable,2022-12-31,35.366776
Ron DeSantis,favorable,2022-12-30,40.23856
Ron DeSantis,unfavorable,2022-12-30,35.366776
Ron DeSantis,favorable,2022-12-29,40.23856
Ron DeSantis,unfavorable,2022-12-29,35.366776
Ron DeSantis,favorable,2022-12-28,40.23856
Ron DeSantis,unfavorable,2022-12-28,35.366776
Ron DeSantis,favorable,2022-12-27,40.23856
Ron DeSantis,unfavorable,2022-12-27,35.366776
Ron DeSantis,favorable,2022-12-26,40.23856
Ron DeSantis,unfavorable,2022-12-26,35.366776
Ron DeSantis,favorable,2022-12-25,40.23856
Ron DeSantis,unfavorable,2022-12-25,35.366776
Ron DeSantis,favorable,2022-12-24,40.23856
Ron DeSantis,unfavorable,2022-12-24,35.366776
Ron DeSantis,favorable,2022-12-23,40.23856
Ron DeSantis,unfavorable,2022-12-23,35.366776
Ron DeSantis,favorable,2022-12-22,40.23856
Ron DeSantis,unfavorable,2022-12-22,35.366776
Ron DeSantis,favorable,2022-12-21,40.23856
Ron DeSantis,unfavorable,2022-12-21,35.366776
Ron DeSantis,favorable,2022-12-20,40.23856
Ron DeSantis,unfavorable,2022-12-20,35.366776
Ron DeSantis,favorable,2022-12-19,40.23856
Ron DeSantis,unfavorable,2022-12-19,35.366776
Ron DeSantis,favorable,2022-12-18,40.23856
Ron DeSantis,unfavorable,2022-12-18,35.366776
Ron DeSantis,favorable,2022-12-17,40.23856
Ron DeSantis,unfavorable,2022-12-17,35.366776
Ron DeSantis,favorable,2022-12-16,40.23856
Ron DeSantis,unfavorable,2022-12-16,35.366776
Ron DeSantis,favorable,2022-12-15,40.23856
Ron DeSantis,unfavorable,2022-12-15,35.366776
Ron DeSantis,favorable,2022-12-14,37.532589
Ron DeSantis,unfavorable,2022-12-14,37.820473
Ron DeSantis,favorable,2022-12-13,38.537189
Ron DeSantis,unfavorable,2022-12-13,36.86692
Ron DeSantis,favorable,2022-12-12,38.537189
Ron DeSantis,unfavorable,2022-12-12,36.86692
Ron DeSantis,favorable,2022-12-11,37.719509
Ron DeSantis,unfavorable,2022-12-11,36.307133
Ron DeSantis,favorable,2022-12-10,37.719509
Ron DeSantis,unfavorable,2022-12-10,36.307133
Ron DeSantis,favorable,2022-12-09,37.719509
Ron DeSantis,unfavorable,2022-12-09,36.307133
Ron DeSantis,favorable,2022-12-08,37.719509
Ron DeSantis,unfavorable,2022-12-08,36.307133
Ron DeSantis,favorable,2022-12-07,37.719509
Ron DeSantis,unfavorable,2022-12-07,36.307133
Ron DeSantis,favorable,2022-12-06,36.203712
Ron DeSantis,unfavorable,2022-12-06,34.289421
Ron DeSantis,favorable,2022-12-05,36.203712
Ron DeSantis,unfavorable,2022-12-05,34.289421
Ron DeSantis,favorable,2022-12-04,36.203712
Ron DeSantis,unfavorable,2022-12-04,34.289421
Ron DeSantis,favorable,2022-12-03,36.203712
Ron DeSantis,unfavorable,2022-12-03,34.289421
Ron DeSantis,favorable,2022-12-02,36.203712
Ron DeSantis,unfavorable,2022-12-02,34.289421
Ron DeSantis,favorable,2022-12-01,36.203712
Ron DeSantis,unfavorable,2022-12-01,34.289421
Ron DeSantis,favorable,2022-11-30,36.203712
Ron DeSantis,unfavorable,2022-11-30,34.289421
Ron DeSantis,favorable,2022-11-29,36.203712
Ron DeSantis,unfavorable,2022-11-29,34.289421
Ron DeSantis,favorable,2022-11-28,36.599598
Ron DeSantis,unfavorable,2022-11-28,33.025013
Ron DeSantis,favorable,2022-11-27,36.599598
Ron DeSantis,unfavorable,2022-11-27,33.025013
Ron DeSantis,favorable,2022-11-26,36.599598
Ron DeSantis,unfavorable,2022-11-26,33.025013
Ron DeSantis,favorable,2022-11-25,36.599598
Ron DeSantis,unfavorable,2022-11-25,33.025013
Ron DeSantis,favorable,2022-11-24,36.599598
Ron DeSantis,unfavorable,2022-11-24,33.025013
Ron DeSantis,favorable,2022-11-23,36.599598
Ron DeSantis,unfavorable,2022-11-23,33.025013
Ron DeSantis,favorable,2022-11-22,36.599598
Ron DeSantis,unfavorable,2022-11-22,33.025013
Ron DeSantis,favorable,2022-11-21,36.668423
Ron DeSantis,unfavorable,2022-11-21,32.098255
Ron DeSantis,favorable,2022-11-20,36.668423
Ron DeSantis,unfavorable,2022-11-20,32.098255
Ron DeSantis,favorable,2022-11-19,39.051567
Ron DeSantis,unfavorable,2022-11-19,34.256893
Ron DeSantis,favorable,2022-11-18,39.073582
Ron DeSantis,unfavorable,2022-11-18,36.194374
Ron DeSantis,favorable,2022-11-17,39.073582
Ron DeSantis,unfavorable,2022-11-17,36.194374
Ron DeSantis,favorable,2022-11-16,39.228863
Ron DeSantis,unfavorable,2022-11-16,38.241615
Ron DeSantis,favorable,2022-11-15,39.228863
Ron DeSantis,unfavorable,2022-11-15,38.241615
Ron DeSantis,favorable,2022-11-14,40.096088
Ron DeSantis,unfavorable,2022-11-14,40.119411
Ron DeSantis,favorable,2022-11-13,40.096088
Ron DeSantis,unfavorable,2022-11-13,40.119411
Ron DeSantis,favorable,2022-11-12,40.096088
Ron DeSantis,unfavorable,2022-11-12,40.119411
Ron DeSantis,favorable,2022-11-11,40.096088
Ron DeSantis,unfavorable,2022-11-11,40.119411
Ron DeSantis,favorable,2022-11-10,40.096088
Ron DeSantis,unfavorable,2022-11-10,40.119411
Ron DeSantis,favorable,2022-11-09,40.096088
Ron DeSantis,unfavorable,2022-11-09,40.119411
Ron DeSantis,favorable,2022-11-08,40.096088
Ron DeSantis,unfavorable,2022-11-08,40.119411
Ron DeSantis,favorable,2022-11-07,40.096088
Ron DeSantis,unfavorable,2022-11-07,40.119411
Ron DeSantis,favorable,2022-11-06,33.095051
Ron DeSantis,unfavorable,2022-11-06,33.831081
Ron DeSantis,favorable,2022-11-05,33.095051
Ron DeSantis,unfavorable,2022-11-05,33.831081
Ron DeSantis,favorable,2022-11-04,33.095051
Ron DeSantis,unfavorable,2022-11-04,33.831081
Ron DeSantis,favorable,2022-11-03,33.095051
Ron DeSantis,unfavorable,2022-11-03,33.831081
Ron DeSantis,favorable,2022-11-02,33.095051
Ron DeSantis,unfavorable,2022-11-02,33.831081
Ron DeSantis,favorable,2022-11-01,33.095051
Ron DeSantis,unfavorable,2022-11-01,33.831081
Ron DeSantis,favorable,2022-10-31,33.095051
Ron DeSantis,unfavorable,2022-10-31,33.831081
Ron DeSantis,favorable,2022-10-30,33.095051
Ron DeSantis,unfavorable,2022-10-30,33.831081
Ron DeSantis,favorable,2022-10-29,33.095051
Ron DeSantis,unfavorable,2022-10-29,33.831081
Ron DeSantis,favorable,2022-10-28,33.095051
Ron DeSantis,unfavorable,2022-10-28,33.831081
Ron DeSantis,favorable,2022-10-27,33.095051
Ron DeSantis,unfavorable,2022-10-27,33.831081
Ron DeSantis,favorable,2022-10-26,33.095051
Ron DeSantis,unfavorable,2022-10-26,33.831081
Ron DeSantis,favorable,2022-10-25,34.442184
Ron DeSantis,unfavorable,2022-10-25,33.455059
Ron DeSantis,favorable,2022-10-24,34.442184
Ron DeSantis,unfavorable,2022-10-24,33.455059
Ron DeSantis,favorable,2022-10-23,36.138744
Ron DeSantis,unfavorable,2022-10-23,35.757668
Ron DeSantis,favorable,2022-10-22,36.138744
Ron DeSantis,unfavorable,2022-10-22,35.757668
Ron DeSantis,favorable,2022-10-21,36.138744
Ron DeSantis,unfavorable,2022-10-21,35.757668
Ron DeSantis,favorable,2022-10-20,36.138744
Ron DeSantis,unfavorable,2022-10-20,35.757668
Ron DeSantis,favorable,2022-10-19,36.138744
Ron DeSantis,unfavorable,2022-10-19,35.757668
Ron DeSantis,favorable,2022-10-18,36.138744
Ron DeSantis,unfavorable,2022-10-18,35.757668
Ron DeSantis,favorable,2022-10-17,36.204227
Ron DeSantis,unfavorable,2022-10-17,36.23941
Ron DeSantis,favorable,2022-10-16,36.204227
Ron DeSantis,unfavorable,2022-10-16,36.23941
Ron DeSantis,favorable,2022-10-15,36.204227
Ron DeSantis,unfavorable,2022-10-15,36.23941
Ron DeSantis,favorable,2022-10-14,36.204227
Ron DeSantis,unfavorable,2022-10-14,36.23941
Ron DeSantis,favorable,2022-10-13,36.204227
Ron DeSantis,unfavorable,2022-10-13,36.23941
Ron DeSantis,favorable,2022-10-12,35.003063
Ron DeSantis,unfavorable,2022-10-12,37.548958
Ron DeSantis,favorable,2022-10-11,35.003063
Ron DeSantis,unfavorable,2022-10-11,37.548958
Ron DeSantis,favorable,2022-10-10,32.504765
Ron DeSantis,unfavorable,2022-10-10,38.937073
Ron DeSantis,favorable,2022-10-09,36.17057
Ron DeSantis,unfavorable,2022-10-09,33.992188
Ron DeSantis,favorable,2022-10-08,36.17057
Ron DeSantis,unfavorable,2022-10-08,33.992188
Ron DeSantis,favorable,2022-10-07,36.17057
Ron DeSantis,unfavorable,2022-10-07,33.992188
Ron DeSantis,favorable,2022-10-06,36.17057
Ron DeSantis,unfavorable,2022-10-06,33.992188
Ron DeSantis,favorable,2022-10-05,36.17057
Ron DeSantis,unfavorable,2022-10-05,33.992188
Ron DeSantis,favorable,2022-10-04,36.17057
Ron DeSantis,unfavorable,2022-10-04,33.992188
Ron DeSantis,favorable,2022-10-03,34.656521
Ron DeSantis,unfavorable,2022-10-03,34.048286
Ron DeSantis,favorable,2022-10-02,36.83857
Ron DeSantis,unfavorable,2022-10-02,34.888763
Ron DeSantis,favorable,2022-10-01,36.83857
Ron DeSantis,unfavorable,2022-10-01,34.888763
Ron DeSantis,favorable,2022-09-30,36.83857
Ron DeSantis,unfavorable,2022-09-30,34.888763
Ron DeSantis,favorable,2022-09-29,36.83857
Ron DeSantis,unfavorable,2022-09-29,34.888763
Ron DeSantis,favorable,2022-09-28,36.83857
Ron DeSantis,unfavorable,2022-09-28,34.888763
Ron DeSantis,favorable,2022-09-27,36.83857
Ron DeSantis,unfavorable,2022-09-27,34.888763
Ron DeSantis,favorable,2022-09-26,36.912754
Ron DeSantis,unfavorable,2022-09-26,35.291885
Ron DeSantis,favorable,2022-09-25,36.912754
Ron DeSantis,unfavorable,2022-09-25,35.291885
Ron DeSantis,favorable,2022-09-24,36.912754
Ron DeSantis,unfavorable,2022-09-24,35.291885
Ron DeSantis,favorable,2022-09-23,36.912754
Ron DeSantis,unfavorable,2022-09-23,35.291885
Ron DeSantis,favorable,2022-09-22,36.912754
Ron DeSantis,unfavorable,2022-09-22,35.291885
Ron DeSantis,favorable,2022-09-21,36.912754
Ron DeSantis,unfavorable,2022-09-21,35.291885
Ron DeSantis,favorable,2022-09-20,36.912754
Ron DeSantis,unfavorable,2022-09-20,35.291885
Ron DeSantis,favorable,2022-09-19,33.078712
Ron DeSantis,unfavorable,2022-09-19,37.712399
Ron DeSantis,favorable,2022-09-18,32.975231
Ron DeSantis,unfavorable,2022-09-18,36.632324
Ron DeSantis,favorable,2022-09-17,30.500595
Ron DeSantis,unfavorable,2022-09-17,35.47477
Ron DeSantis,favorable,2022-09-16,30.500595
Ron DeSantis,unfavorable,2022-09-16,35.47477
Ron DeSantis,favorable,2022-09-15,30.500595
Ron DeSantis,unfavorable,2022-09-15,35.47477
Ron DeSantis,favorable,2022-09-14,30.500595
Ron DeSantis,unfavorable,2022-09-14,35.47477
Ron DeSantis,favorable,2022-09-13,33.038315
Ron DeSantis,unfavorable,2022-09-13,32.670155
Ron DeSantis,favorable,2022-09-12,33.038315
Ron DeSantis,unfavorable,2022-09-12,32.670155
Ron DeSantis,favorable,2022-09-11,32.503151
Ron DeSantis,unfavorable,2022-09-11,35.041264
Ron DeSantis,favorable,2022-09-10,35.064686
Ron DeSantis,unfavorable,2022-09-10,33.922073
Ron DeSantis,favorable,2022-09-09,35.064686
Ron DeSantis,unfavorable,2022-09-09,33.922073
Ron DeSantis,favorable,2022-09-08,35.064686
Ron DeSantis,unfavorable,2022-09-08,33.922073
Ron DeSantis,favorable,2022-09-07,33.941254
Ron DeSantis,unfavorable,2022-09-07,37.3144
Ron DeSantis,favorable,2022-09-06,32.710773
Ron DeSantis,unfavorable,2022-09-06,35.883396
Ron DeSantis,favorable,2022-09-05,32.710773
Ron DeSantis,unfavorable,2022-09-05,35.883396
Ron DeSantis,favorable,2022-09-04,32.710773
Ron DeSantis,unfavorable,2022-09-04,35.883396
Ron DeSantis,favorable,2022-09-03,32.710773
Ron DeSantis,unfavorable,2022-09-03,35.883396
Ron DeSantis,favorable,2022-09-02,32.710773
Ron DeSantis,unfavorable,2022-09-02,35.883396
Ron DeSantis,favorable,2022-09-01,32.710773
Ron DeSantis,unfavorable,2022-09-01,35.883396
Ron DeSantis,favorable,2022-08-31,32.710773
Ron DeSantis,unfavorable,2022-08-31,35.883396
Ron DeSantis,favorable,2022-08-30,35.014816
Ron DeSantis,unfavorable,2022-08-30,34.19585
Ron DeSantis,favorable,2022-08-29,35.014816
Ron DeSantis,unfavorable,2022-08-29,34.19585
Ron DeSantis,favorable,2022-08-28,35.014816
Ron DeSantis,unfavorable,2022-08-28,34.19585
Ron DeSantis,favorable,2022-08-27,35.014816
Ron DeSantis,unfavorable,2022-08-27,34.19585
Ron DeSantis,favorable,2022-08-26,35.014816
Ron DeSantis,unfavorable,2022-08-26,34.19585
Ron DeSantis,favorable,2022-08-25,35.014816
Ron DeSantis,unfavorable,2022-08-25,34.19585
Ron DeSantis,favorable,2022-08-24,35.014816
Ron DeSantis,unfavorable,2022-08-24,34.19585
Ron DeSantis,favorable,2022-08-23,35.014816
Ron DeSantis,unfavorable,2022-08-23,34.19585
Ron DeSantis,favorable,2022-08-22,32.715298
Ron DeSantis,unfavorable,2022-08-22,31.31996
Ron DeSantis,favorable,2022-08-21,33.771515
Ron DeSantis,unfavorable,2022-08-21,32.384411
Ron DeSantis,favorable,2022-08-20,33.771515
Ron DeSantis,unfavorable,2022-08-20,32.384411
Ron DeSantis,favorable,2022-08-19,33.771515
Ron DeSantis,unfavorable,2022-08-19,32.384411
Ron DeSantis,favorable,2022-08-18,33.771515
Ron DeSantis,unfavorable,2022-08-18,32.384411
Ron DeSantis,favorable,2022-08-17,33.771515
Ron DeSantis,unfavorable,2022-08-17,32.384411
Ron DeSantis,favorable,2022-08-16,33.771515
Ron DeSantis,unfavorable,2022-08-16,32.384411
Ron DeSantis,favorable,2022-08-15,33.771515
Ron DeSantis,unfavorable,2022-08-15,32.384411
Ron DeSantis,favorable,2022-08-14,33.771515
Ron DeSantis,unfavorable,2022-08-14,32.384411
Ron DeSantis,favorable,2022-08-13,33.771515
Ron DeSantis,unfavorable,2022-08-13,32.384411
Ron DeSantis,favorable,2022-08-12,33.771515
Ron DeSantis,unfavorable,2022-08-12,32.384411
Ron DeSantis,favorable,2022-08-11,33.771515
Ron DeSantis,unfavorable,2022-08-11,32.384411
Ron DeSantis,favorable,2022-08-10,33.771515
Ron DeSantis,unfavorable,2022-08-10,32.384411
Ron DeSantis,favorable,2022-08-09,33.771515
Ron DeSantis,unfavorable,2022-08-09,32.384411
Ron DeSantis,favorable,2022-08-08,33.771515
Ron DeSantis,unfavorable,2022-08-08,32.384411
Ron DeSantis,favorable,2022-08-07,33.771515
Ron DeSantis,unfavorable,2022-08-07,32.384411
Ron DeSantis,favorable,2022-08-06,33.771515
Ron DeSantis,unfavorable,2022-08-06,32.384411
Ron DeSantis,favorable,2022-08-05,33.771515
Ron DeSantis,unfavorable,2022-08-05,32.384411
Ron DeSantis,favorable,2022-08-04,33.771515
Ron DeSantis,unfavorable,2022-08-04,32.384411
Ron DeSantis,favorable,2022-08-03,33.771515
Ron DeSantis,unfavorable,2022-08-03,32.384411
Ron DeSantis,favorable,2022-08-02,33.771515
Ron DeSantis,unfavorable,2022-08-02,32.384411
Ron DeSantis,favorable,2022-08-01,33.771515
Ron DeSantis,unfavorable,2022-08-01,32.384411
Ron DeSantis,favorable,2022-07-31,33.771515
Ron DeSantis,unfavorable,2022-07-31,32.384411
Ron DeSantis,favorable,2022-07-30,34.525257
Ron DeSantis,unfavorable,2022-07-30,33.508793
Ron DeSantis,favorable,2022-07-29,34.525257
Ron DeSantis,unfavorable,2022-07-29,33.508793
Ron DeSantis,favorable,2022-07-28,34.525257
Ron DeSantis,unfavorable,2022-07-28,33.508793
Ron DeSantis,favorable,2022-07-27,36.570938
Ron DeSantis,unfavorable,2022-07-27,36.103275
Ron DeSantis,favorable,2022-07-26,36.570938
Ron DeSantis,unfavorable,2022-07-26,36.103275
Ron DeSantis,favorable,2022-07-25,36.570938
Ron DeSantis,unfavorable,2022-07-25,36.103275
Ron DeSantis,favorable,2022-07-24,36.570938
Ron DeSantis,unfavorable,2022-07-24,36.103275
Ron DeSantis,favorable,2022-07-23,36.570938
Ron DeSantis,unfavorable,2022-07-23,36.103275
Ron DeSantis,favorable,2022-07-22,36.570938
Ron DeSantis,unfavorable,2022-07-22,36.103275
Ron DeSantis,favorable,2022-07-21,36.570938
Ron DeSantis,unfavorable,2022-07-21,36.103275
Ron DeSantis,favorable,2022-07-20,36.570938
Ron DeSantis,unfavorable,2022-07-20,36.103275
Ron DeSantis,favorable,2022-07-19,32.006233
Ron DeSantis,unfavorable,2022-07-19,34.8605
Ron DeSantis,favorable,2022-07-18,32.006233
Ron DeSantis,unfavorable,2022-07-18,34.8605
Ron DeSantis,favorable,2022-07-17,31.052258
Ron DeSantis,unfavorable,2022-07-17,38.650871
Ron DeSantis,favorable,2022-07-16,28.589663
Ron DeSantis,unfavorable,2022-07-16,37.062611
Ron DeSantis,favorable,2022-07-15,28.589663
Ron DeSantis,unfavorable,2022-07-15,37.062611
Ron DeSantis,favorable,2022-07-14,28.589663
Ron DeSantis,unfavorable,2022-07-14,37.062611
Ron DeSantis,favorable,2022-07-13,28.589663
Ron DeSantis,unfavorable,2022-07-13,37.062611
Ron DeSantis,favorable,2022-07-12,28.589663
Ron DeSantis,unfavorable,2022-07-12,37.062611
Ron DeSantis,favorable,2022-07-11,33.182434
Ron DeSantis,unfavorable,2022-07-11,35.553051
Ron DeSantis,favorable,2022-07-10,33.182434
Ron DeSantis,unfavorable,2022-07-10,35.553051
Ron DeSantis,favorable,2022-07-09,33.182434
Ron DeSantis,unfavorable,2022-07-09,35.553051
Ron DeSantis,favorable,2022-07-08,33.182434
Ron DeSantis,unfavorable,2022-07-08,35.553051
Ron DeSantis,favorable,2022-07-07,33.182434
Ron DeSantis,unfavorable,2022-07-07,35.553051
Ron DeSantis,favorable,2022-07-06,31.616749
Ron DeSantis,unfavorable,2022-07-06,31.700588
Ron DeSantis,favorable,2022-07-05,31.616749
Ron DeSantis,unfavorable,2022-07-05,31.700588
Ron DeSantis,favorable,2022-07-04,31.616749
Ron DeSantis,unfavorable,2022-07-04,31.700588
Ron DeSantis,favorable,2022-07-03,31.616749
Ron DeSantis,unfavorable,2022-07-03,31.700588
Ron DeSantis,favorable,2022-07-02,31.616749
Ron DeSantis,unfavorable,2022-07-02,31.700588
Ron DeSantis,favorable,2022-07-01,31.616749
Ron DeSantis,unfavorable,2022-07-01,31.700588
Ron DeSantis,favorable,2022-06-30,31.616749
Ron DeSantis,unfavorable,2022-06-30,31.700588
Ron DeSantis,favorable,2022-06-29,31.336628
Ron DeSantis,unfavorable,2022-06-29,35.730499
Ron DeSantis,favorable,2022-06-28,31.336628
Ron DeSantis,unfavorable,2022-06-28,35.730499
Ron DeSantis,favorable,2022-06-27,31.336628
Ron DeSantis,unfavorable,2022-06-27,35.730499
Ron DeSantis,favorable,2022-06-26,31.336628
Ron DeSantis,unfavorable,2022-06-26,35.730499
Ron DeSantis,favorable,2022-06-25,31.336628
Ron DeSantis,unfavorable,2022-06-25,35.730499
Ron DeSantis,favorable,2022-06-24,31.336628
Ron DeSantis,unfavorable,2022-06-24,35.730499
Ron DeSantis,favorable,2022-06-23,31.336628
Ron DeSantis,unfavorable,2022-06-23,35.730499
Ron DeSantis,favorable,2022-06-22,31.336628
Ron DeSantis,unfavorable,2022-06-22,35.730499
Ron DeSantis,favorable,2022-06-21,31.336628
Ron DeSantis,unfavorable,2022-06-21,35.730499
Ron DeSantis,favorable,2022-06-20,31.336628
Ron DeSantis,unfavorable,2022-06-20,35.730499
Ron DeSantis,favorable,2022-06-19,32.088036
Ron DeSantis,unfavorable,2022-06-19,35.273533
Ron DeSantis,favorable,2022-06-18,32.088036
Ron DeSantis,unfavorable,2022-06-18,35.273533
Ron DeSantis,favorable,2022-06-17,32.088036
Ron DeSantis,unfavorable,2022-06-17,35.273533
Ron DeSantis,favorable,2022-06-16,32.088036
Ron DeSantis,unfavorable,2022-06-16,35.273533
Ron DeSantis,favorable,2022-06-15,32.088036
Ron DeSantis,unfavorable,2022-06-15,35.273533
Ron DeSantis,favorable,2022-06-14,32.088036
Ron DeSantis,unfavorable,2022-06-14,35.273533
Ron DeSantis,favorable,2022-06-13,32.088036
Ron DeSantis,unfavorable,2022-06-13,35.273533
Ron DeSantis,favorable,2022-06-12,31.412285
Ron DeSantis,unfavorable,2022-06-12,32.781509
Ron DeSantis,favorable,2022-06-11,31.412285
Ron DeSantis,unfavorable,2022-06-11,32.781509
Ron DeSantis,favorable,2022-06-10,31.412285
Ron DeSantis,unfavorable,2022-06-10,32.781509
Ron DeSantis,favorable,2022-06-09,31.412285
Ron DeSantis,unfavorable,2022-06-09,32.781509
Ron DeSantis,favorable,2022-06-08,31.412285
Ron DeSantis,unfavorable,2022-06-08,32.781509
Ron DeSantis,favorable,2022-06-07,31.412285
Ron DeSantis,unfavorable,2022-06-07,32.781509
Ron DeSantis,favorable,2022-06-06,31.412285
Ron DeSantis,unfavorable,2022-06-06,32.781509
Ron DeSantis,favorable,2022-06-05,31.412285
Ron DeSantis,unfavorable,2022-06-05,32.781509
Ron DeSantis,favorable,2022-06-04,31.412285
Ron DeSantis,unfavorable,2022-06-04,32.781509
Ron DeSantis,favorable,2022-06-03,31.412285
Ron DeSantis,unfavorable,2022-06-03,32.781509
Ron DeSantis,favorable,2022-06-02,31.412285
Ron DeSantis,unfavorable,2022-06-02,32.781509
Ron DeSantis,favorable,2022-06-01,31.412285
Ron DeSantis,unfavorable,2022-06-01,32.781509
Ron DeSantis,favorable,2022-05-31,31.412285
Ron DeSantis,unfavorable,2022-05-31,32.781509
Ron DeSantis,favorable,2022-05-30,31.412285
Ron DeSantis,unfavorable,2022-05-30,32.781509
Ron DeSantis,favorable,2022-05-29,31.412285
Ron DeSantis,unfavorable,2022-05-29,32.781509
Ron DeSantis,favorable,2022-05-28,31.412285
Ron DeSantis,unfavorable,2022-05-28,32.781509
Ron DeSantis,favorable,2022-05-27,31.412285
Ron DeSantis,unfavorable,2022-05-27,32.781509
Ron DeSantis,favorable,2022-05-26,31.412285
Ron DeSantis,unfavorable,2022-05-26,32.781509
Ron DeSantis,favorable,2022-05-25,31.412285
Ron DeSantis,unfavorable,2022-05-25,32.781509
Ron DeSantis,favorable,2022-05-24,31.412285
Ron DeSantis,unfavorable,2022-05-24,32.781509
Ron DeSantis,favorable,2022-05-23,31.412285
Ron DeSantis,unfavorable,2022-05-23,32.781509
Ron DeSantis,favorable,2022-05-22,30.172031
Ron DeSantis,unfavorable,2022-05-22,32.034397
Ron DeSantis,favorable,2022-05-21,30.172031
Ron DeSantis,unfavorable,2022-05-21,32.034397
Ron DeSantis,favorable,2022-05-20,30.172031
Ron DeSantis,unfavorable,2022-05-20,32.034397
Ron DeSantis,favorable,2022-05-19,30.172031
Ron DeSantis,unfavorable,2022-05-19,32.034397
Ron DeSantis,favorable,2022-05-18,31.291374
Ron DeSantis,unfavorable,2022-05-18,32.258736
Ron DeSantis,favorable,2022-05-17,31.291374
Ron DeSantis,unfavorable,2022-05-17,32.258736
Ron DeSantis,favorable,2022-05-16,31.291374
Ron DeSantis,unfavorable,2022-05-16,32.258736
Ron DeSantis,favorable,2022-05-15,31.291374
Ron DeSantis,unfavorable,2022-05-15,32.258736
Ron DeSantis,favorable,2022-05-14,31.291374
Ron DeSantis,unfavorable,2022-05-14,32.258736
Ron DeSantis,favorable,2022-05-13,31.291374
Ron DeSantis,unfavorable,2022-05-13,32.258736
Ron DeSantis,favorable,2022-05-12,31.291374
Ron DeSantis,unfavorable,2022-05-12,32.258736
Ron DeSantis,favorable,2022-05-11,31.291374
Ron DeSantis,unfavorable,2022-05-11,32.258736
Ron DeSantis,favorable,2022-05-10,31.291374
Ron DeSantis,unfavorable,2022-05-10,32.258736
Ron DeSantis,favorable,2022-05-09,35.128448
Ron DeSantis,unfavorable,2022-05-09,39.67421
Ron DeSantis,favorable,2022-05-08,35.128448
Ron DeSantis,unfavorable,2022-05-08,39.67421
Ron DeSantis,favorable,2022-05-07,35.128448
Ron DeSantis,unfavorable,2022-05-07,39.67421
Ron DeSantis,favorable,2022-05-06,35.128448
Ron DeSantis,unfavorable,2022-05-06,39.67421
Ron DeSantis,favorable,2022-05-05,35.128448
Ron DeSantis,unfavorable,2022-05-05,39.67421
Ron DeSantis,favorable,2022-05-04,35.128448
Ron DeSantis,unfavorable,2022-05-04,39.67421
Ron DeSantis,favorable,2022-05-03,35.128448
Ron DeSantis,unfavorable,2022-05-03,39.67421
Ron DeSantis,favorable,2022-05-02,33.860264
Ron DeSantis,unfavorable,2022-05-02,42.43536
Ron DeSantis,favorable,2022-05-01,35.854744
Ron DeSantis,unfavorable,2022-05-01,47.220688
Ron DeSantis,favorable,2022-04-30,35.854744
Ron DeSantis,unfavorable,2022-04-30,47.220688
Ron DeSantis,favorable,2022-04-29,35.854744
Ron DeSantis,unfavorable,2022-04-29,47.220688
Ron DeSantis,favorable,2022-04-28,35.854744
Ron DeSantis,unfavorable,2022-04-28,47.220688
Ron DeSantis,favorable,2022-04-27,32.680965
Ron DeSantis,unfavorable,2022-04-27,36.751507
Ron DeSantis,favorable,2022-04-26,31.998837
Ron DeSantis,unfavorable,2022-04-26,35.59494
Ron DeSantis,favorable,2022-04-25,31.998837
Ron DeSantis,unfavorable,2022-04-25,35.59494
Ron DeSantis,favorable,2022-04-24,33.523216
Ron DeSantis,unfavorable,2022-04-24,32.360542
Ron DeSantis,favorable,2022-04-23,33.523216
Ron DeSantis,unfavorable,2022-04-23,32.360542
Ron DeSantis,favorable,2022-04-22,33.523216
Ron DeSantis,unfavorable,2022-04-22,32.360542
Ron DeSantis,favorable,2022-04-21,33.523216
Ron DeSantis,unfavorable,2022-04-21,32.360542
Ron DeSantis,favorable,2022-04-20,34.227562
Ron DeSantis,unfavorable,2022-04-20,33.474247
Ron DeSantis,favorable,2022-04-19,35.689278
Ron DeSantis,unfavorable,2022-04-19,34.390625
Ron DeSantis,favorable,2022-04-18,32.653336
Ron DeSantis,unfavorable,2022-04-18,35.2108
Ron DeSantis,favorable,2022-04-17,32.653336
Ron DeSantis,unfavorable,2022-04-17,35.2108
Ron DeSantis,favorable,2022-04-16,33.888584
Ron DeSantis,unfavorable,2022-04-16,33.981609
Ron DeSantis,favorable,2022-04-15,33.888584
Ron DeSantis,unfavorable,2022-04-15,33.981609
Ron DeSantis,favorable,2022-04-14,33.888584
Ron DeSantis,unfavorable,2022-04-14,33.981609
Ron DeSantis,favorable,2022-04-13,33.888584
Ron DeSantis,unfavorable,2022-04-13,33.981609
Ron DeSantis,favorable,2022-04-12,33.888584
Ron DeSantis,unfavorable,2022-04-12,33.981609
Ron DeSantis,favorable,2022-04-11,32.385136
Ron DeSantis,unfavorable,2022-04-11,32.585201
Ron DeSantis,favorable,2022-04-10,32.385136
Ron DeSantis,unfavorable,2022-04-10,32.585201
Ron DeSantis,favorable,2022-04-09,32.385136
Ron DeSantis,unfavorable,2022-04-09,32.585201
Ron DeSantis,favorable,2022-04-08,32.385136
Ron DeSantis,unfavorable,2022-04-08,32.585201
Ron DeSantis,favorable,2022-04-07,32.385136
Ron DeSantis,unfavorable,2022-04-07,32.585201
Ron DeSantis,favorable,2022-04-06,32.385136
Ron DeSantis,unfavorable,2022-04-06,32.585201
Ron DeSantis,favorable,2022-04-05,32.385136
Ron DeSantis,unfavorable,2022-04-05,32.585201
Ron DeSantis,favorable,2022-04-04,32.385136
Ron DeSantis,unfavorable,2022-04-04,32.585201
Ron DeSantis,favorable,2022-04-03,32.385136
Ron DeSantis,unfavorable,2022-04-03,32.585201
Ron DeSantis,favorable,2022-04-02,32.385136
Ron DeSantis,unfavorable,2022-04-02,32.585201
Ron DeSantis,favorable,2022-04-01,32.385136
Ron DeSantis,unfavorable,2022-04-01,32.585201
Ron DeSantis,favorable,2022-03-31,32.385136
Ron DeSantis,unfavorable,2022-03-31,32.585201
Ron DeSantis,favorable,2022-03-30,32.385136
Ron DeSantis,unfavorable,2022-03-30,32.585201
Ron DeSantis,favorable,2022-03-29,32.385136
Ron DeSantis,unfavorable,2022-03-29,32.585201
Ron DeSantis,favorable,2022-03-28,32.385136
Ron DeSantis,unfavorable,2022-03-28,32.585201
Ron DeSantis,favorable,2022-03-27,32.385136
Ron DeSantis,unfavorable,2022-03-27,32.585201
Ron DeSantis,favorable,2022-03-26,32.385136
Ron DeSantis,unfavorable,2022-03-26,32.585201
Ron DeSantis,favorable,2022-03-25,32.385136
Ron DeSantis,unfavorable,2022-03-25,32.585201
Ron DeSantis,favorable,2022-03-24,32.385136
Ron DeSantis,unfavorable,2022-03-24,32.585201
Ron DeSantis,favorable,2022-03-23,28.472153
Ron DeSantis,unfavorable,2022-03-23,34.094952
Ron DeSantis,favorable,2022-03-22,28.472153
Ron DeSantis,unfavorable,2022-03-22,34.094952
Ron DeSantis,favorable,2022-03-21,28.472153
Ron DeSantis,unfavorable,2022-03-21,34.094952
Ron DeSantis,favorable,2022-03-20,32.258507
Ron DeSantis,unfavorable,2022-03-20,33.346458
Ron DeSantis,favorable,2022-03-19,32.258507
Ron DeSantis,unfavorable,2022-03-19,33.346458
Ron DeSantis,favorable,2022-03-18,32.258507
Ron DeSantis,unfavorable,2022-03-18,33.346458
Ron DeSantis,favorable,2022-03-17,32.258507
Ron DeSantis,unfavorable,2022-03-17,33.346458
Ron DeSantis,favorable,2022-03-16,32.258507
Ron DeSantis,unfavorable,2022-03-16,33.346458
Ron DeSantis,favorable,2022-03-15,32.258507
Ron DeSantis,unfavorable,2022-03-15,33.346458
Ron DeSantis,favorable,2022-03-14,32.258507
Ron DeSantis,unfavorable,2022-03-14,33.346458
Ron DeSantis,favorable,2022-03-13,32.258507
Ron DeSantis,unfavorable,2022-03-13,33.346458
Ron DeSantis,favorable,2022-03-12,32.258507
Ron DeSantis,unfavorable,2022-03-12,33.346458
Ron DeSantis,favorable,2022-03-11,32.258507
Ron DeSantis,unfavorable,2022-03-11,33.346458
Ron DeSantis,favorable,2022-03-10,32.258507
Ron DeSantis,unfavorable,2022-03-10,33.346458
Ron DeSantis,favorable,2022-03-09,32.258507
Ron DeSantis,unfavorable,2022-03-09,33.346458
Ron DeSantis,favorable,2022-03-08,32.258507
Ron DeSantis,unfavorable,2022-03-08,33.346458
Ron DeSantis,favorable,2022-03-07,32.258507
Ron DeSantis,unfavorable,2022-03-07,33.346458
Ron DeSantis,favorable,2022-03-06,32.258507
Ron DeSantis,unfavorable,2022-03-06,33.346458
Ron DeSantis,favorable,2022-03-05,32.258507
Ron DeSantis,unfavorable,2022-03-05,33.346458
Ron DeSantis,favorable,2022-03-04,32.258507
Ron DeSantis,unfavorable,2022-03-04,33.346458
Ron DeSantis,favorable,2022-03-03,32.258507
Ron DeSantis,unfavorable,2022-03-03,33.346458
Ron DeSantis,favorable,2022-03-02,32.258507
Ron DeSantis,unfavorable,2022-03-02,33.346458
Ron DeSantis,favorable,2022-03-01,32.258507
Ron DeSantis,unfavorable,2022-03-01,33.346458
Ron DeSantis,favorable,2022-02-28,32.258507
Ron DeSantis,unfavorable,2022-02-28,33.346458
Ron DeSantis,favorable,2022-02-27,32.258507
Ron DeSantis,unfavorable,2022-02-27,33.346458
Ron DeSantis,favorable,2022-02-26,32.258507
Ron DeSantis,unfavorable,2022-02-26,33.346458
Ron DeSantis,favorable,2022-02-25,32.258507
Ron DeSantis,unfavorable,2022-02-25,33.346458
Ron DeSantis,favorable,2022-02-24,32.258507
Ron DeSantis,unfavorable,2022-02-24,33.346458
Ron DeSantis,favorable,2022-02-23,32.24741
Ron DeSantis,unfavorable,2022-02-23,37.90947
Ron DeSantis,favorable,2022-02-22,35.682877
Ron DeSantis,unfavorable,2022-02-22,45.317642
Ron DeSantis,favorable,2022-02-21,34.512081
Ron DeSantis,unfavorable,2022-02-21,42.299744
Ron DeSantis,favorable,2022-02-20,34.512081
Ron DeSantis,unfavorable,2022-02-20,42.299744
Ron DeSantis,favorable,2022-02-19,34.512081
Ron DeSantis,unfavorable,2022-02-19,42.299744
Ron DeSantis,favorable,2022-02-18,34.512081
Ron DeSantis,unfavorable,2022-02-18,42.299744
Ron DeSantis,favorable,2022-02-17,34.512081
Ron DeSantis,unfavorable,2022-02-17,42.299744
Ron DeSantis,favorable,2022-02-16,34.512081
Ron DeSantis,unfavorable,2022-02-16,42.299744
Ron DeSantis,favorable,2022-02-15,34.512081
Ron DeSantis,unfavorable,2022-02-15,42.299744
Ron DeSantis,favorable,2022-02-14,34.512081
Ron DeSantis,unfavorable,2022-02-14,42.299744
Ron DeSantis,favorable,2022-02-13,34.512081
Ron DeSantis,unfavorable,2022-02-13,42.299744
Ron DeSantis,favorable,2022-02-12,34.512081
Ron DeSantis,unfavorable,2022-02-12,42.299744
Ron DeSantis,favorable,2022-02-11,34.512081
Ron DeSantis,unfavorable,2022-02-11,42.299744
Ron DeSantis,favorable,2022-02-10,34.512081
Ron DeSantis,unfavorable,2022-02-10,42.299744
Ron DeSantis,favorable,2022-02-09,34.512081
Ron DeSantis,unfavorable,2022-02-09,42.299744
Ron DeSantis,favorable,2022-02-08,34.512081
Ron DeSantis,unfavorable,2022-02-08,42.299744
Ron DeSantis,favorable,2022-02-07,34.512081
Ron DeSantis,unfavorable,2022-02-07,42.299744
Ron DeSantis,favorable,2022-02-06,30.163309
Ron DeSantis,unfavorable,2022-02-06,32.311855
Ron DeSantis,favorable,2022-02-05,30.163309
Ron DeSantis,unfavorable,2022-02-05,32.311855
Ron DeSantis,favorable,2022-02-04,30.163309
Ron DeSantis,unfavorable,2022-02-04,32.311855
Ron DeSantis,favorable,2022-02-03,30.163309
Ron DeSantis,unfavorable,2022-02-03,32.311855
Ron DeSantis,favorable,2022-02-02,30.163309
Ron DeSantis,unfavorable,2022-02-02,32.311855
Ron DeSantis,favorable,2022-02-01,30.163309
Ron DeSantis,unfavorable,2022-02-01,32.311855
Ron DeSantis,favorable,2022-01-31,30.163309
Ron DeSantis,unfavorable,2022-01-31,32.311855
Ron DeSantis,favorable,2022-01-30,30.163309
Ron DeSantis,unfavorable,2022-01-30,32.311855
Ron DeSantis,favorable,2022-01-29,30.163309
Ron DeSantis,unfavorable,2022-01-29,32.311855
Ron DeSantis,favorable,2022-01-28,30.163309
Ron DeSantis,unfavorable,2022-01-28,32.311855
Ron DeSantis,favorable,2022-01-27,30.163309
Ron DeSantis,unfavorable,2022-01-27,32.311855
Ron DeSantis,favorable,2022-01-26,30.163309
Ron DeSantis,unfavorable,2022-01-26,32.311855
Ron DeSantis,favorable,2022-01-25,30.163309
Ron DeSantis,unfavorable,2022-01-25,32.311855
Ron DeSantis,favorable,2022-01-24,30.163309
Ron DeSantis,unfavorable,2022-01-24,32.311855
Ron DeSantis,favorable,2022-01-23,29.658129
Ron DeSantis,unfavorable,2022-01-23,31.297199